시작일,종료일,직업,직업코드,분류단계,AI 사용 비율(%)
2026-04-01,2026-05-01,Computer and Mathematical,15,1,23.95
2026-05-01,2026-06-01,Computer and Mathematical,15,1,23.8
2026-05-01,2026-06-01,"Arts, Design, Entertainment, Sports, and Media",27,1,13.55
2026-04-01,2026-05-01,"Arts, Design, Entertainment, Sports, and Media",27,1,12.99
2026-05-01,2026-06-01,Educational Instruction and Library,25,1,12.79
2026-04-01,2026-05-01,Educational Instruction and Library,25,1,11.89
2026-05-01,2026-06-01,Sales and Related,41,1,9.14
2026-04-01,2026-05-01,Sales and Related,41,1,8.29
2026-05-01,2026-06-01,Office and Administrative Support,43,1,7.89
2026-04-01,2026-05-01,Office and Administrative Support,43,1,7.37
2026-05-01,2026-06-01,Management,11,1,5.9
2026-05-01,2026-06-01,Business and Financial Operations,13,1,5.77
2026-04-01,2026-05-01,Management,11,1,5.63
2026-04-01,2026-05-01,Business and Financial Operations,13,1,5.47
2026-05-01,2026-06-01,Document Management Specialists,15-1299.03,0,5.1
2026-04-01,2026-05-01,Document Management Specialists,15-1299.03,0,4.84
2026-04-01,2026-05-01,"Life, Physical, and Social Science",19,1,4.54
2026-05-01,2026-06-01,"Life, Physical, and Social Science",19,1,4.51
2026-05-01,2026-06-01,Librarians and Media Collections Specialists,25-4022.00,0,4.22
2026-04-01,2026-05-01,Librarians and Media Collections Specialists,25-4022.00,0,4.01
2026-05-01,2026-06-01,Architecture and Engineering,17,1,3.56
2026-04-01,2026-05-01,Architecture and Engineering,17,1,3.55
2026-05-01,2026-06-01,Healthcare Practitioners and Technical,29,1,3.31
2026-04-01,2026-05-01,Healthcare Practitioners and Technical,29,1,2.94
2026-05-01,2026-06-01,Counter and Rental Clerks,41-2021.00,0,2.72
2026-05-01,2026-06-01,Editors,27-3041.00,0,2.58
2026-05-01,2026-06-01,Community and Social Service,21,1,2.57
2026-04-01,2026-05-01,Editors,27-3041.00,0,2.44
2026-04-01,2026-05-01,Community and Social Service,21,1,2.44
2026-04-01,2026-05-01,Counter and Rental Clerks,41-2021.00,0,2.4
2026-04-01,2026-05-01,Computer User Support Specialists,15-1232.00,0,2.26
2026-05-01,2026-06-01,Writers and Authors,27-3043.00,0,2.22
2026-04-01,2026-05-01,Writers and Authors,27-3043.00,0,2.18
2026-05-01,2026-06-01,Computer User Support Specialists,15-1232.00,0,2.17
2026-04-01,2026-05-01,Computer Systems Analysts,15-1211.00,0,2.01
2026-05-01,2026-06-01,Computer Systems Analysts,15-1211.00,0,1.91
2026-04-01,2026-05-01,Data Warehousing Specialists,15-1243.01,0,1.71
2026-05-01,2026-06-01,Web and Digital Interface Designers,15-1255.00,0,1.7
2026-04-01,2026-05-01,Computer Programmers,15-1251.00,0,1.68
2026-05-01,2026-06-01,Technical Writers,27-3042.00,0,1.67
2026-05-01,2026-06-01,Computer Programmers,15-1251.00,0,1.67
2026-04-01,2026-05-01,Web and Digital Interface Designers,15-1255.00,0,1.67
2026-05-01,2026-06-01,Data Warehousing Specialists,15-1243.01,0,1.65
2026-05-01,2026-06-01,"News Analysts, Reporters, and Journalists",27-3023.00,0,1.62
2026-04-01,2026-05-01,Technical Writers,27-3042.00,0,1.58
2026-04-01,2026-05-01,"News Analysts, Reporters, and Journalists",27-3023.00,0,1.52
2026-05-01,2026-06-01,Library Technicians,25-4031.00,0,1.5
2026-05-01,2026-06-01,"Poets, Lyricists and Creative Writers",27-3043.05,0,1.49
2026-05-01,2026-06-01,Credit Counselors,13-2071.00,0,1.49
2026-04-01,2026-05-01,"Poets, Lyricists and Creative Writers",27-3043.05,0,1.46
2026-04-01,2026-05-01,Library Technicians,25-4031.00,0,1.43
2026-05-01,2026-06-01,"Sales Representatives, Wholesale and Manufacturing, Except Technical and Scientific Products",41-4012.00,0,1.39
2026-05-01,2026-06-01,"Substitute Teachers, Short-Term",25-3031.00,0,1.38
2026-04-01,2026-05-01,Credit Counselors,13-2071.00,0,1.38
2026-04-01,2026-05-01,Software Quality Assurance Analysts and Testers,15-1253.00,0,1.38
2026-05-01,2026-06-01,Software Quality Assurance Analysts and Testers,15-1253.00,0,1.32
2026-05-01,2026-06-01,Tutors,25-3041.00,0,1.27
2026-04-01,2026-05-01,"Substitute Teachers, Short-Term",25-3031.00,0,1.25
2026-05-01,2026-06-01,Personal Care and Service,39,1,1.23
2026-04-01,2026-05-01,"Sales Representatives, Wholesale and Manufacturing, Except Technical and Scientific Products",41-4012.00,0,1.21
2026-04-01,2026-05-01,Personal Care and Service,39,1,1.16
2026-05-01,2026-06-01,Word Processors and Typists,43-9022.00,0,1.16
2026-04-01,2026-05-01,Tutors,25-3041.00,0,1.1
2026-04-01,2026-05-01,Computer Systems Engineers/Architects,15-1299.08,0,1.08
2026-04-01,2026-05-01,Graphic Designers,27-1024.00,0,1.08
2026-05-01,2026-06-01,Graphic Designers,27-1024.00,0,1.07
2026-04-01,2026-05-01,Word Processors and Typists,43-9022.00,0,1.05
2026-05-01,2026-06-01,Production,51,1,1.04
2026-04-01,2026-05-01,Production,51,1,1.02
2026-05-01,2026-06-01,Legal,23,1,1.02
2026-04-01,2026-05-01,Mathematicians,15-2021.00,0,1.01
2026-05-01,2026-06-01,Instructional Coordinators,25-9031.00,0,1.01
2026-05-01,2026-06-01,Computer Systems Engineers/Architects,15-1299.08,0,1.01
2026-05-01,2026-06-01,Mathematicians,15-2021.00,0,0.98
2026-04-01,2026-05-01,Geographic Information Systems Technologists and Technicians,15-1299.02,0,0.96
2026-05-01,2026-06-01,Cashiers,41-2011.00,0,0.94
2026-05-01,2026-06-01,Interpreters and Translators,27-3091.00,0,0.93
2026-04-01,2026-05-01,Legal,23,1,0.92
2026-04-01,2026-05-01,Instructional Coordinators,25-9031.00,0,0.92
2026-05-01,2026-06-01,Geographic Information Systems Technologists and Technicians,15-1299.02,0,0.91
2026-04-01,2026-05-01,Computer Hardware Engineers,17-2061.00,0,0.9
2026-04-01,2026-05-01,Cashiers,41-2011.00,0,0.88
2026-05-01,2026-06-01,Demonstrators and Product Promoters,41-9011.00,0,0.86
2026-04-01,2026-05-01,Insurance Claims and Policy Processing Clerks,43-9041.00,0,0.85
2026-04-01,2026-05-01,Interpreters and Translators,27-3091.00,0,0.85
2026-05-01,2026-06-01,Cardiologists,29-1212.00,0,0.84
2026-05-01,2026-06-01,Insurance Claims and Policy Processing Clerks,43-9041.00,0,0.84
2026-05-01,2026-06-01,Computer Hardware Engineers,17-2061.00,0,0.83
2026-04-01,2026-05-01,Demonstrators and Product Promoters,41-9011.00,0,0.79
2026-05-01,2026-06-01,"Directors, Religious Activities and Education",21-2021.00,0,0.76
2026-05-01,2026-06-01,"Office Clerks, General",43-9061.00,0,0.76
2026-04-01,2026-05-01,Cardiologists,29-1212.00,0,0.75
2026-05-01,2026-06-01,Clinical and Counseling Psychologists,19-3033.00,0,0.74
2026-05-01,2026-06-01,Sales Engineers,41-9031.00,0,0.73
2026-04-01,2026-05-01,Clinical and Counseling Psychologists,19-3033.00,0,0.73
2026-04-01,2026-05-01,"Directors, Religious Activities and Education",21-2021.00,0,0.71
2026-04-01,2026-05-01,"Office Clerks, General",43-9061.00,0,0.7
2026-04-01,2026-05-01,Sales Engineers,41-9031.00,0,0.69
2026-04-01,2026-05-01,Data Scientists,15-2051.00,0,0.67
2026-05-01,2026-06-01,Advertising and Promotions Managers,11-2011.00,0,0.67
2026-04-01,2026-05-01,Advertising and Promotions Managers,11-2011.00,0,0.66
2026-05-01,2026-06-01,Web Developers,15-1254.00,0,0.64
2026-04-01,2026-05-01,Web Developers,15-1254.00,0,0.64
2026-05-01,2026-06-01,"Installation, Maintenance, and Repair",49,1,0.62
2026-05-01,2026-06-01,Lawyers,23-1011.00,0,0.62
2026-05-01,2026-06-01,Healthcare Support,31,1,0.62
2026-04-01,2026-05-01,Quality Control Analysts,19-4099.01,0,0.61
2026-05-01,2026-06-01,Data Scientists,15-2051.00,0,0.61
2026-05-01,2026-06-01,"Teaching Assistants, Postsecondary",25-9044.00,0,0.6
2026-05-01,2026-06-01,Online Merchants,13-1199.06,0,0.6
2026-05-01,2026-06-01,"Secretaries and Administrative Assistants, Except Legal, Medical, and Executive",43-6014.00,0,0.58
2026-05-01,2026-06-01,Desktop Publishers,43-9031.00,0,0.58
2026-04-01,2026-05-01,Lawyers,23-1011.00,0,0.57
2026-05-01,2026-06-01,"Locker Room, Coatroom, and Dressing Room Attendants",39-3093.00,0,0.56
2026-04-01,2026-05-01,"Installation, Maintenance, and Repair",49,1,0.56
2026-04-01,2026-05-01,Healthcare Support,31,1,0.55
2026-04-01,2026-05-01,"Secretaries and Administrative Assistants, Except Legal, Medical, and Executive",43-6014.00,0,0.55
2026-05-01,2026-06-01,Quality Control Analysts,19-4099.01,0,0.55
2026-04-01,2026-05-01,Online Merchants,13-1199.06,0,0.55
2026-04-01,2026-05-01,"Teaching Assistants, Postsecondary",25-9044.00,0,0.54
2026-05-01,2026-06-01,Marriage and Family Therapists,21-1013.00,0,0.53
2026-04-01,2026-05-01,"Locker Room, Coatroom, and Dressing Room Attendants",39-3093.00,0,0.53
2026-05-01,2026-06-01,Marketing Managers,11-2021.00,0,0.53
2026-05-01,2026-06-01,Business Intelligence Analysts,15-2051.01,0,0.52
2026-04-01,2026-05-01,Marriage and Family Therapists,21-1013.00,0,0.51
2026-05-01,2026-06-01,"Education Administrators, Kindergarten through Secondary",11-9032.00,0,0.51
2026-04-01,2026-05-01,Desktop Publishers,43-9031.00,0,0.5
2026-04-01,2026-05-01,Marketing Managers,11-2021.00,0,0.5
2026-04-01,2026-05-01,Business Intelligence Analysts,15-2051.01,0,0.49
2026-05-01,2026-06-01,Food Preparation and Serving Related,35,1,0.48
2026-04-01,2026-05-01,Stationary Engineers and Boiler Operators,51-8021.00,0,0.47
2026-05-01,2026-06-01,Telemarketers,41-9041.00,0,0.47
2026-04-01,2026-05-01,"Education Administrators, Kindergarten through Secondary",11-9032.00,0,0.46
2026-04-01,2026-05-01,Telemarketers,41-9041.00,0,0.45
2026-05-01,2026-06-01,"Sales Representatives, Wholesale and Manufacturing, Technical and Scientific Products",41-4011.00,0,0.45
2026-05-01,2026-06-01,Stationary Engineers and Boiler Operators,51-8021.00,0,0.45
2026-05-01,2026-06-01,Computer and Information Systems Managers,11-3021.00,0,0.45
2026-05-01,2026-06-01,Statistical Assistants,43-9111.00,0,0.44
2026-05-01,2026-06-01,"Education Administrators, Postsecondary",11-9033.00,0,0.44
2026-05-01,2026-06-01,Mental Health Counselors,21-1014.00,0,0.43
2026-04-01,2026-05-01,Computer and Information Systems Managers,11-3021.00,0,0.43
2026-04-01,2026-05-01,Statistical Assistants,43-9111.00,0,0.42
2026-05-01,2026-06-01,Nursing Assistants,31-1131.00,0,0.42
2026-04-01,2026-05-01,Mental Health Counselors,21-1014.00,0,0.42
2026-04-01,2026-05-01,Bioinformatics Scientists,19-1029.01,0,0.42
2026-05-01,2026-06-01,Proofreaders and Copy Markers,43-9081.00,0,0.41
2026-04-01,2026-05-01,Food Preparation and Serving Related,35,1,0.41
2026-04-01,2026-05-01,"Education Administrators, Postsecondary",11-9033.00,0,0.41
2026-04-01,2026-05-01,"Sales Representatives, Wholesale and Manufacturing, Technical and Scientific Products",41-4011.00,0,0.4
2026-05-01,2026-06-01,Retail Salespersons,41-2031.00,0,0.4
2026-05-01,2026-06-01,Correspondence Clerks,43-4021.00,0,0.39
2026-05-01,2026-06-01,Bioinformatics Scientists,19-1029.01,0,0.39
2026-04-01,2026-05-01,Proofreaders and Copy Markers,43-9081.00,0,0.39
2026-04-01,2026-05-01,Quality Control Systems Managers,11-3051.01,0,0.38
2026-05-01,2026-06-01,"Career/Technical Education Teachers, Postsecondary",25-1194.00,0,0.38
2026-05-01,2026-06-01,Quality Control Systems Managers,11-3051.01,0,0.38
2026-05-01,2026-06-01,First-Line Supervisors of Office and Administrative Support Workers,43-1011.00,0,0.38
2026-05-01,2026-06-01,Bioinformatics Technicians,15-2099.01,0,0.37
2026-05-01,2026-06-01,Receptionists and Information Clerks,43-4171.00,0,0.37
2026-05-01,2026-06-01,Search Marketing Strategists,13-1161.01,0,0.36
2026-05-01,2026-06-01,"Door-to-Door Sales Workers, News and Street Vendors, and Related Workers",41-9091.00,0,0.36
2026-04-01,2026-05-01,Bioinformatics Technicians,15-2099.01,0,0.36
2026-04-01,2026-05-01,Search Marketing Strategists,13-1161.01,0,0.36
2026-04-01,2026-05-01,"Career/Technical Education Teachers, Postsecondary",25-1194.00,0,0.36
2026-04-01,2026-05-01,Nursing Assistants,31-1131.00,0,0.36
2026-04-01,2026-05-01,Correspondence Clerks,43-4021.00,0,0.36
2026-05-01,2026-06-01,Community Health Workers,21-1094.00,0,0.36
2026-04-01,2026-05-01,Retail Salespersons,41-2031.00,0,0.35
2026-05-01,2026-06-01,"Philosophy and Religion Teachers, Postsecondary",25-1126.00,0,0.35
2026-05-01,2026-06-01,Software Developers,15-1252.00,0,0.35
2026-04-01,2026-05-01,"Atmospheric, Earth, Marine, and Space Sciences Teachers, Postsecondary",25-1051.00,0,0.35
2026-05-01,2026-06-01,Financial Risk Specialists,13-2054.00,0,0.35
2026-04-01,2026-05-01,Community Health Workers,21-1094.00,0,0.35
2026-04-01,2026-05-01,Receptionists and Information Clerks,43-4171.00,0,0.35
2026-04-01,2026-05-01,First-Line Supervisors of Office and Administrative Support Workers,43-1011.00,0,0.34
2026-04-01,2026-05-01,Software Developers,15-1252.00,0,0.34
2026-05-01,2026-06-01,"Sales Representatives of Services, Except Advertising, Insurance, Financial Services, and Travel",41-3091.00,0,0.34
2026-05-01,2026-06-01,"Atmospheric, Earth, Marine, and Space Sciences Teachers, Postsecondary",25-1051.00,0,0.34
2026-05-01,2026-06-01,Operations Research Analysts,15-2031.00,0,0.34
2026-05-01,2026-06-01,Transportation and Material Moving,53,1,0.34
2026-04-01,2026-05-01,Protective Service,33,1,0.34
2026-04-01,2026-05-01,"Philosophy and Religion Teachers, Postsecondary",25-1126.00,0,0.33
2026-04-01,2026-05-01,Operations Research Analysts,15-2031.00,0,0.33
2026-05-01,2026-06-01,Public Relations Specialists,27-3031.00,0,0.33
2026-04-01,2026-05-01,"Door-to-Door Sales Workers, News and Street Vendors, and Related Workers",41-9091.00,0,0.33
2026-05-01,2026-06-01,Audio and Video Technicians,27-4011.00,0,0.33
2026-05-01,2026-06-01,Statisticians,15-2041.00,0,0.33
2026-05-01,2026-06-01,Protective Service,33,1,0.33
2026-04-01,2026-05-01,Financial Risk Specialists,13-2054.00,0,0.32
2026-05-01,2026-06-01,"Bookkeeping, Accounting, and Auditing Clerks",43-3031.00,0,0.32
2026-05-01,2026-06-01,Chiropractors,29-1011.00,0,0.32
2026-04-01,2026-05-01,Public Relations Specialists,27-3031.00,0,0.32
2026-04-01,2026-05-01,"Sales Representatives of Services, Except Advertising, Insurance, Financial Services, and Travel",41-3091.00,0,0.31
2026-04-01,2026-05-01,Statisticians,15-2041.00,0,0.31
2026-04-01,2026-05-01,Audio and Video Technicians,27-4011.00,0,0.31
2026-04-01,2026-05-01,Transportation and Material Moving,53,1,0.31
2026-05-01,2026-06-01,Executive Secretaries and Executive Administrative Assistants,43-6011.00,0,0.3
2026-04-01,2026-05-01,"Bookkeeping, Accounting, and Auditing Clerks",43-3031.00,0,0.3
2026-04-01,2026-05-01,Chiropractors,29-1011.00,0,0.29
2026-05-01,2026-06-01,Automotive Engineers,17-2141.02,0,0.28
2026-04-01,2026-05-01,Executive Secretaries and Executive Administrative Assistants,43-6011.00,0,0.28
2026-04-01,2026-05-01,Automotive Engineers,17-2141.02,0,0.27
2026-05-01,2026-06-01,Personal Financial Advisors,13-2052.00,0,0.27
2026-04-01,2026-05-01,Industrial-Organizational Psychologists,19-3032.00,0,0.27
2026-05-01,2026-06-01,Industrial-Organizational Psychologists,19-3032.00,0,0.26
2026-05-01,2026-06-01,Web Administrators,15-1299.01,0,0.26
2026-05-01,2026-06-01,Mechanical Engineers,17-2141.00,0,0.26
2026-04-01,2026-05-01,Mechanical Engineers,17-2141.00,0,0.25
2026-05-01,2026-06-01,Digital Forensics Analysts,15-1299.06,0,0.25
2026-04-01,2026-05-01,Mechatronics Engineers,17-2199.05,0,0.25
2026-04-01,2026-05-01,Digital Forensics Analysts,15-1299.06,0,0.25
2026-04-01,2026-05-01,Web Administrators,15-1299.01,0,0.25
2026-04-01,2026-05-01,Chemical Technicians,19-4031.00,0,0.24
2026-05-01,2026-06-01,Environmental Engineering Technologists and Technicians,17-3025.00,0,0.24
2026-04-01,2026-05-01,Personal Financial Advisors,13-2052.00,0,0.24
2026-05-01,2026-06-01,Dietitians and Nutritionists,29-1031.00,0,0.24
2026-05-01,2026-06-01,Chemical Technicians,19-4031.00,0,0.24
2026-05-01,2026-06-01,"Interviewers, Except Eligibility and Loan",43-4111.00,0,0.23
2026-05-01,2026-06-01,Mechatronics Engineers,17-2199.05,0,0.23
2026-04-01,2026-05-01,Environmental Engineering Technologists and Technicians,17-3025.00,0,0.22
2026-04-01,2026-05-01,"Interviewers, Except Eligibility and Loan",43-4111.00,0,0.22
2026-05-01,2026-06-01,Fitness and Wellness Coordinators,11-9179.01,0,0.22
2026-05-01,2026-06-01,Clinical Data Managers,15-2051.02,0,0.22
2026-04-01,2026-05-01,Dietitians and Nutritionists,29-1031.00,0,0.22
2026-04-01,2026-05-01,Financial Quantitative Analysts,13-2099.01,0,0.22
2026-04-01,2026-05-01,Correctional Officers and Jailers,33-3012.00,0,0.21
2026-04-01,2026-05-01,Fitness and Wellness Coordinators,11-9179.01,0,0.21
2026-05-01,2026-06-01,General and Operations Managers,11-1021.00,0,0.21
2026-05-01,2026-06-01,Pharmacy Technicians,29-2052.00,0,0.21
2026-05-01,2026-06-01,Financial and Investment Analysts,13-2051.00,0,0.21
2026-05-01,2026-06-01,Financial Quantitative Analysts,13-2099.01,0,0.21
2026-05-01,2026-06-01,Market Research Analysts and Marketing Specialists,13-1161.00,0,0.21
2026-05-01,2026-06-01,Video Game Designers,15-1255.01,0,0.21
2026-04-01,2026-05-01,Clinical Data Managers,15-2051.02,0,0.21
2026-05-01,2026-06-01,Training and Development Managers,11-3131.00,0,0.21
2026-05-01,2026-06-01,Geothermal Technicians,49-9099.01,0,0.21
2026-04-01,2026-05-01,Market Research Analysts and Marketing Specialists,13-1161.00,0,0.2
2026-04-01,2026-05-01,Pharmacy Technicians,29-2052.00,0,0.2
2026-04-01,2026-05-01,Agricultural Technicians,19-4012.00,0,0.2
2026-05-01,2026-06-01,"Art, Drama, and Music Teachers, Postsecondary",25-1121.00,0,0.2
2026-04-01,2026-05-01,"Electronics Engineers, Except Computer",17-2072.00,0,0.2
2026-05-01,2026-06-01,"Electronics Engineers, Except Computer",17-2072.00,0,0.2
2026-05-01,2026-06-01,Exercise Physiologists,29-1128.00,0,0.2
2026-05-01,2026-06-01,Paralegals and Legal Assistants,23-2011.00,0,0.2
2026-04-01,2026-05-01,General and Operations Managers,11-1021.00,0,0.2
2026-04-01,2026-05-01,Financial and Investment Analysts,13-2051.00,0,0.2
2026-05-01,2026-06-01,"Educational, Guidance, and Career Counselors and Advisors",21-1012.00,0,0.2
2026-04-01,2026-05-01,Training and Development Managers,11-3131.00,0,0.19
2026-04-01,2026-05-01,Network and Computer Systems Administrators,15-1244.00,0,0.19
2026-05-01,2026-06-01,Agricultural Technicians,19-4012.00,0,0.19
2026-04-01,2026-05-01,Video Game Designers,15-1255.01,0,0.19
2026-05-01,2026-06-01,Mechanical Engineering Technologists and Technicians,17-3027.00,0,0.19
2026-05-01,2026-06-01,Clergy,21-2011.00,0,0.18
2026-05-01,2026-06-01,Correctional Officers and Jailers,33-3012.00,0,0.18
2026-04-01,2026-05-01,Mechanical Engineering Technologists and Technicians,17-3027.00,0,0.18
2026-04-01,2026-05-01,"Educational, Guidance, and Career Counselors and Advisors",21-1012.00,0,0.18
2026-05-01,2026-06-01,Project Management Specialists,13-1082.00,0,0.18
2026-04-01,2026-05-01,Exercise Physiologists,29-1128.00,0,0.18
2026-05-01,2026-06-01,"English Language and Literature Teachers, Postsecondary",25-1123.00,0,0.17
2026-05-01,2026-06-01,Waiters and Waitresses,35-3031.00,0,0.17
2026-05-01,2026-06-01,Public Relations Managers,11-2032.00,0,0.17
2026-04-01,2026-05-01,"English Language and Literature Teachers, Postsecondary",25-1123.00,0,0.17
2026-04-01,2026-05-01,"Art, Drama, and Music Teachers, Postsecondary",25-1121.00,0,0.17
2026-05-01,2026-06-01,Commercial and Industrial Designers,27-1021.00,0,0.17
2026-04-01,2026-05-01,File Clerks,43-4071.00,0,0.17
2026-05-01,2026-06-01,File Clerks,43-4071.00,0,0.17
2026-05-01,2026-06-01,"Hosts and Hostesses, Restaurant, Lounge, and Coffee Shop",35-9031.00,0,0.17
2026-04-01,2026-05-01,Project Management Specialists,13-1082.00,0,0.17
2026-04-01,2026-05-01,Geothermal Technicians,49-9099.01,0,0.17
2026-04-01,2026-05-01,Paralegals and Legal Assistants,23-2011.00,0,0.17
2026-04-01,2026-05-01,Public Relations Managers,11-2032.00,0,0.17
2026-05-01,2026-06-01,Network and Computer Systems Administrators,15-1244.00,0,0.16
2026-05-01,2026-06-01,Actors,27-2011.00,0,0.16
2026-05-01,2026-06-01,Chief Executives,11-1011.00,0,0.16
2026-04-01,2026-05-01,Clergy,21-2011.00,0,0.16
2026-05-01,2026-06-01,Medical Dosimetrists,29-2036.00,0,0.16
2026-04-01,2026-05-01,Chief Executives,11-1011.00,0,0.16
2026-05-01,2026-06-01,"Court, Municipal, and License Clerks",43-4031.00,0,0.16
2026-04-01,2026-05-01,Commercial and Industrial Designers,27-1021.00,0,0.16
2026-05-01,2026-06-01,"Fine Artists, Including Painters, Sculptors, and Illustrators",27-1013.00,0,0.15
2026-05-01,2026-06-01,First-Line Supervisors of Production and Operating Workers,51-1011.00,0,0.15
2026-05-01,2026-06-01,"Inspectors, Testers, Sorters, Samplers, and Weighers",51-9061.00,0,0.15
2026-05-01,2026-06-01,"Transportation, Storage, and Distribution Managers",11-3071.00,0,0.15
2026-04-01,2026-05-01,First-Line Supervisors of Production and Operating Workers,51-1011.00,0,0.15
2026-05-01,2026-06-01,"Production, Planning, and Expediting Clerks",43-5061.00,0,0.15
2026-04-01,2026-05-01,"Court, Municipal, and License Clerks",43-4031.00,0,0.15
2026-04-01,2026-05-01,Biostatisticians,15-2041.01,0,0.15
2026-04-01,2026-05-01,Industrial Engineering Technologists and Technicians,17-3026.00,0,0.15
2026-04-01,2026-05-01,Management Analysts,13-1111.00,0,0.15
2026-05-01,2026-06-01,Pharmacists,29-1051.00,0,0.15
2026-05-01,2026-06-01,Management Analysts,13-1111.00,0,0.15
2026-04-01,2026-05-01,Craft Artists,27-1012.00,0,0.15
2026-04-01,2026-05-01,"Hosts and Hostesses, Restaurant, Lounge, and Coffee Shop",35-9031.00,0,0.15
2026-05-01,2026-06-01,Industrial Engineering Technologists and Technicians,17-3026.00,0,0.15
2026-04-01,2026-05-01,Actors,27-2011.00,0,0.15
2026-05-01,2026-06-01,Administrative Services Managers,11-3012.00,0,0.14
2026-05-01,2026-06-01,Biostatisticians,15-2041.01,0,0.14
2026-04-01,2026-05-01,"Production, Planning, and Expediting Clerks",43-5061.00,0,0.14
2026-04-01,2026-05-01,Social Science Research Assistants,19-4061.00,0,0.14
2026-04-01,2026-05-01,Investment Fund Managers,11-3031.03,0,0.14
2026-04-01,2026-05-01,Database Administrators,15-1242.00,0,0.14
2026-05-01,2026-06-01,"Securities, Commodities, and Financial Services Sales Agents",41-3031.00,0,0.14
2026-05-01,2026-06-01,Investment Fund Managers,11-3031.03,0,0.14
2026-05-01,2026-06-01,Social Science Research Assistants,19-4061.00,0,0.14
2026-04-01,2026-05-01,"Securities, Commodities, and Financial Services Sales Agents",41-3031.00,0,0.14
2026-04-01,2026-05-01,Sociologists,19-3041.00,0,0.14
2026-04-01,2026-05-01,"Environmental Scientists and Specialists, Including Health",19-2041.00,0,0.14
2026-04-01,2026-05-01,Database Architects,15-1243.00,0,0.14
2026-05-01,2026-06-01,Sociologists,19-3041.00,0,0.14
2026-05-01,2026-06-01,Database Administrators,15-1242.00,0,0.14
2026-04-01,2026-05-01,"Fine Artists, Including Painters, Sculptors, and Illustrators",27-1013.00,0,0.14
2026-04-01,2026-05-01,"Transportation, Storage, and Distribution Managers",11-3071.00,0,0.14
2026-05-01,2026-06-01,Craft Artists,27-1012.00,0,0.14
2026-05-01,2026-06-01,Database Architects,15-1243.00,0,0.14
2026-04-01,2026-05-01,Waiters and Waitresses,35-3031.00,0,0.14
2026-05-01,2026-06-01,Building and Grounds Cleaning and Maintenance,37,1,0.13
2026-04-01,2026-05-01,"Inspectors, Testers, Sorters, Samplers, and Weighers",51-9061.00,0,0.13
2026-05-01,2026-06-01,Biomass Power Plant Managers,11-3051.04,0,0.13
2026-04-01,2026-05-01,Molecular and Cellular Biologists,19-1029.02,0,0.13
2026-04-01,2026-05-01,Advertising Sales Agents,41-3011.00,0,0.13
2026-04-01,2026-05-01,Administrative Services Managers,11-3012.00,0,0.13
2026-05-01,2026-06-01,Food Service Managers,11-9051.00,0,0.13
2026-04-01,2026-05-01,Building and Grounds Cleaning and Maintenance,37,1,0.13
2026-05-01,2026-06-01,Molecular and Cellular Biologists,19-1029.02,0,0.13
2026-05-01,2026-06-01,"Environmental Scientists and Specialists, Including Health",19-2041.00,0,0.13
2026-04-01,2026-05-01,Pharmacists,29-1051.00,0,0.13
2026-05-01,2026-06-01,Training and Development Specialists,13-1151.00,0,0.13
2026-04-01,2026-05-01,Information Security Engineers,15-1299.05,0,0.13
2026-04-01,2026-05-01,Medical Dosimetrists,29-2036.00,0,0.13
2026-05-01,2026-06-01,Advertising Sales Agents,41-3011.00,0,0.13
2026-04-01,2026-05-01,Training and Development Specialists,13-1151.00,0,0.13
2026-04-01,2026-05-01,Manufacturing Engineers,17-2112.03,0,0.12
2026-04-01,2026-05-01,"Agents and Business Managers of Artists, Performers, and Athletes",13-1011.00,0,0.12
2026-04-01,2026-05-01,Food Service Managers,11-9051.00,0,0.12
2026-05-01,2026-06-01,Remote Sensing Scientists and Technologists,19-2099.01,0,0.12
2026-05-01,2026-06-01,Information Security Engineers,15-1299.05,0,0.12
2026-05-01,2026-06-01,Manufacturing Engineers,17-2112.03,0,0.12
2026-05-01,2026-06-01,"Meeting, Convention, and Event Planners",13-1121.00,0,0.12
2026-05-01,2026-06-01,"Biological Science Teachers, Postsecondary",25-1042.00,0,0.12
2026-05-01,2026-06-01,Compliance Officers,13-1041.00,0,0.12
2026-05-01,2026-06-01,"Agents and Business Managers of Artists, Performers, and Athletes",13-1011.00,0,0.12
2026-05-01,2026-06-01,Accountants and Auditors,13-2011.00,0,0.12
2026-05-01,2026-06-01,Environmental Economists,19-3011.01,0,0.12
2026-05-01,2026-06-01,Sales Managers,11-2022.00,0,0.12
2026-05-01,2026-06-01,Spa Managers,11-9179.02,0,0.11
2026-04-01,2026-05-01,Accountants and Auditors,13-2011.00,0,0.11
2026-05-01,2026-06-01,Nurse Practitioners,29-1171.00,0,0.11
2026-04-01,2026-05-01,"Meeting, Convention, and Event Planners",13-1121.00,0,0.11
2026-05-01,2026-06-01,Producers and Directors,27-2012.00,0,0.11
2026-05-01,2026-06-01,Archivists,25-4011.00,0,0.11
2026-04-01,2026-05-01,Spa Managers,11-9179.02,0,0.11
2026-04-01,2026-05-01,Producers and Directors,27-2012.00,0,0.11
2026-05-01,2026-06-01,First-Line Supervisors of Housekeeping and Janitorial Workers,37-1011.00,0,0.11
2026-05-01,2026-06-01,Financial Managers,11-3031.00,0,0.11
2026-04-01,2026-05-01,First-Line Supervisors of Housekeeping and Janitorial Workers,37-1011.00,0,0.11
2026-05-01,2026-06-01,Occupational Health and Safety Specialists,19-5011.00,0,0.11
2026-04-01,2026-05-01,Biomass Power Plant Managers,11-3051.04,0,0.11
2026-04-01,2026-05-01,Logisticians,13-1081.00,0,0.11
2026-04-01,2026-05-01,Compliance Officers,13-1041.00,0,0.11
2026-05-01,2026-06-01,Physicists,19-2012.00,0,0.11
2026-05-01,2026-06-01,Business Continuity Planners,13-1199.04,0,0.11
2026-04-01,2026-05-01,Recreation Workers,39-9032.00,0,0.11
2026-04-01,2026-05-01,"Biological Science Teachers, Postsecondary",25-1042.00,0,0.11
2026-04-01,2026-05-01,Physicists,19-2012.00,0,0.11
2026-04-01,2026-05-01,Environmental Economists,19-3011.01,0,0.11
2026-04-01,2026-05-01,Occupational Health and Safety Specialists,19-5011.00,0,0.11
2026-05-01,2026-06-01,Recreation Workers,39-9032.00,0,0.11
2026-04-01,2026-05-01,Business Continuity Planners,13-1199.04,0,0.1
2026-05-01,2026-06-01,Broadcast Announcers and Radio Disc Jockeys,27-3011.00,0,0.1
2026-04-01,2026-05-01,Financial Managers,11-3031.00,0,0.1
2026-05-01,2026-06-01,Political Scientists,19-3094.00,0,0.1
2026-05-01,2026-06-01,Historians,19-3093.00,0,0.1
2026-04-01,2026-05-01,Telecommunications Engineering Specialists,15-1241.01,0,0.1
2026-05-01,2026-06-01,Construction and Extraction,47,1,0.1
2026-04-01,2026-05-01,Sales Managers,11-2022.00,0,0.1
2026-04-01,2026-05-01,Self-Enrichment Teachers,25-3021.00,0,0.1
2026-05-01,2026-06-01,Logisticians,13-1081.00,0,0.1
2026-05-01,2026-06-01,Self-Enrichment Teachers,25-3021.00,0,0.1
2026-04-01,2026-05-01,Archivists,25-4011.00,0,0.1
2026-04-01,2026-05-01,Remote Sensing Scientists and Technologists,19-2099.01,0,0.1
2026-04-01,2026-05-01,Residential Advisors,39-9041.00,0,0.1
2026-04-01,2026-05-01,Nurse Practitioners,29-1171.00,0,0.1
2026-04-01,2026-05-01,Political Scientists,19-3094.00,0,0.1
2026-05-01,2026-06-01,Residential Advisors,39-9041.00,0,0.1
2026-05-01,2026-06-01,"Transportation Vehicle, Equipment and Systems Inspectors, Except Aviation",53-6051.07,0,0.1
2026-04-01,2026-05-01,Treasurers and Controllers,11-3031.01,0,0.09
2026-05-01,2026-06-01,Loan Officers,13-2072.00,0,0.09
2026-04-01,2026-05-01,Astronomers,19-2011.00,0,0.09
2026-05-01,2026-06-01,Economists,19-3011.00,0,0.09
2026-05-01,2026-06-01,Astronomers,19-2011.00,0,0.09
2026-04-01,2026-05-01,Art Directors,27-1011.00,0,0.09
2026-04-01,2026-05-01,Broadcast Announcers and Radio Disc Jockeys,27-3011.00,0,0.09
2026-04-01,2026-05-01,Historians,19-3093.00,0,0.09
2026-05-01,2026-06-01,Telecommunications Engineering Specialists,15-1241.01,0,0.09
2026-05-01,2026-06-01,Treasurers and Controllers,11-3031.01,0,0.09
2026-04-01,2026-05-01,Tax Preparers,13-2082.00,0,0.09
2026-05-01,2026-06-01,Emergency Medicine Physicians,29-1214.00,0,0.09
2026-04-01,2026-05-01,Construction and Extraction,47,1,0.09
2026-05-01,2026-06-01,Art Directors,27-1011.00,0,0.09
2026-05-01,2026-06-01,Childcare Workers,39-9011.00,0,0.09
2026-04-01,2026-05-01,Childcare Workers,39-9011.00,0,0.09
2026-05-01,2026-06-01,Photonics Engineers,17-2199.07,0,0.09
2026-04-01,2026-05-01,Computer Network Support Specialists,15-1231.00,0,0.09
2026-05-01,2026-06-01,"Telecommunications Equipment Installers and Repairers, Except Line Installers",49-2022.00,0,0.09
2026-04-01,2026-05-01,Computer and Information Research Scientists,15-1221.00,0,0.09
2026-05-01,2026-06-01,Sports Medicine Physicians,29-1229.06,0,0.09
2026-04-01,2026-05-01,Photonics Engineers,17-2199.07,0,0.09
2026-04-01,2026-05-01,"Transportation Vehicle, Equipment and Systems Inspectors, Except Aviation",53-6051.07,0,0.09
2026-05-01,2026-06-01,"Anthropology and Archeology Teachers, Postsecondary",25-1061.00,0,0.09
2026-04-01,2026-05-01,"Anthropology and Archeology Teachers, Postsecondary",25-1061.00,0,0.09
2026-05-01,2026-06-01,Information Technology Project Managers,15-1299.09,0,0.09
2026-05-01,2026-06-01,Parts Salespersons,41-2022.00,0,0.08
2026-05-01,2026-06-01,Data Entry Keyers,43-9021.00,0,0.08
2026-05-01,2026-06-01,Personal Care Aides,31-1122.00,0,0.08
2026-05-01,2026-06-01,Biological Technicians,19-4021.00,0,0.08
2026-05-01,2026-06-01,Reservation and Transportation Ticket Agents and Travel Clerks,43-4181.00,0,0.08
2026-05-01,2026-06-01,"Purchasing Agents, Except Wholesale, Retail, and Farm Products",13-1023.00,0,0.08
2026-04-01,2026-05-01,Financial Examiners,13-2061.00,0,0.08
2026-05-01,2026-06-01,"Adult Basic Education, Adult Secondary Education, and English as a Second Language Instructors",25-3011.00,0,0.08
2026-04-01,2026-05-01,Information Technology Project Managers,15-1299.09,0,0.08
2026-05-01,2026-06-01,Computer Network Support Specialists,15-1231.00,0,0.08
2026-05-01,2026-06-01,Athletic Trainers,29-9091.00,0,0.08
2026-05-01,2026-06-01,"Wholesale and Retail Buyers, Except Farm Products",13-1022.00,0,0.08
2026-05-01,2026-06-01,Curators,25-4012.00,0,0.08
2026-05-01,2026-06-01,Computer and Information Research Scientists,15-1221.00,0,0.08
2026-04-01,2026-05-01,Biological Technicians,19-4021.00,0,0.08
2026-05-01,2026-06-01,Dietetic Technicians,29-2051.00,0,0.08
2026-05-01,2026-06-01,Materials Scientists,19-2032.00,0,0.08
2026-04-01,2026-05-01,Personal Care Aides,31-1122.00,0,0.08
2026-04-01,2026-05-01,Loan Officers,13-2072.00,0,0.08
2026-05-01,2026-06-01,Judicial Law Clerks,23-1012.00,0,0.08
2026-04-01,2026-05-01,"Telecommunications Equipment Installers and Repairers, Except Line Installers",49-2022.00,0,0.08
2026-04-01,2026-05-01,Economists,19-3011.00,0,0.08
2026-04-01,2026-05-01,Data Entry Keyers,43-9021.00,0,0.08
2026-04-01,2026-05-01,Emergency Medicine Physicians,29-1214.00,0,0.08
2026-05-01,2026-06-01,Financial Examiners,13-2061.00,0,0.08
2026-04-01,2026-05-01,Sports Medicine Physicians,29-1229.06,0,0.08
2026-04-01,2026-05-01,"Purchasing Agents, Except Wholesale, Retail, and Farm Products",13-1023.00,0,0.08
2026-04-01,2026-05-01,Materials Scientists,19-2032.00,0,0.07
2026-05-01,2026-06-01,Nanosystems Engineers,17-2199.09,0,0.07
2026-04-01,2026-05-01,Dietetic Technicians,29-2051.00,0,0.07
2026-04-01,2026-05-01,"Engineering Teachers, Postsecondary",25-1032.00,0,0.07
2026-04-01,2026-05-01,Funeral Home Managers,11-9171.00,0,0.07
2026-04-01,2026-05-01,Curators,25-4012.00,0,0.07
2026-04-01,2026-05-01,"Special Education Teachers, Preschool",25-2051.00,0,0.07
2026-05-01,2026-06-01,Actuaries,15-2011.00,0,0.07
2026-04-01,2026-05-01,Athletic Trainers,29-9091.00,0,0.07
2026-04-01,2026-05-01,Biologists,19-1029.04,0,0.07
2026-04-01,2026-05-01,Nanosystems Engineers,17-2199.09,0,0.07
2026-04-01,2026-05-01,"Wholesale and Retail Buyers, Except Farm Products",13-1022.00,0,0.07
2026-04-01,2026-05-01,"Electrical and Electronics Repairers, Powerhouse, Substation, and Relay",49-2095.00,0,0.07
2026-05-01,2026-06-01,Human Factors Engineers and Ergonomists,17-2112.01,0,0.07
2026-04-01,2026-05-01,Reservation and Transportation Ticket Agents and Travel Clerks,43-4181.00,0,0.07
2026-04-01,2026-05-01,Human Factors Engineers and Ergonomists,17-2112.01,0,0.07
2026-04-01,2026-05-01,Actuaries,15-2011.00,0,0.07
2026-04-01,2026-05-01,Blockchain Engineers,15-1299.07,0,0.07
2026-04-01,2026-05-01,Customer Service Representatives,43-4051.00,0,0.07
2026-05-01,2026-06-01,Customer Service Representatives,43-4051.00,0,0.07
2026-05-01,2026-06-01,Funeral Home Managers,11-9171.00,0,0.07
2026-05-01,2026-06-01,"Arbitrators, Mediators, and Conciliators",23-1022.00,0,0.07
2026-05-01,2026-06-01,Biologists,19-1029.04,0,0.07
2026-05-01,2026-06-01,"Special Education Teachers, Preschool",25-2051.00,0,0.07
2026-05-01,2026-06-01,Medical Assistants,31-9092.00,0,0.07
2026-05-01,2026-06-01,"Engineering Teachers, Postsecondary",25-1032.00,0,0.07
2026-05-01,2026-06-01,Aerospace Engineers,17-2011.00,0,0.07
2026-05-01,2026-06-01,Exercise Trainers and Group Fitness Instructors,39-9031.00,0,0.07
2026-04-01,2026-05-01,"Adult Basic Education, Adult Secondary Education, and English as a Second Language Instructors",25-3011.00,0,0.07
2026-04-01,2026-05-01,Aerospace Engineers,17-2011.00,0,0.07
2026-04-01,2026-05-01,Parts Salespersons,41-2022.00,0,0.07
2026-05-01,2026-06-01,Geodetic Surveyors,17-1022.01,0,0.06
2026-04-01,2026-05-01,Legal Secretaries and Administrative Assistants,43-6012.00,0,0.06
2026-04-01,2026-05-01,"Entertainment and Recreation Managers, Except Gambling",11-9072.00,0,0.06
2026-04-01,2026-05-01,Architectural and Engineering Managers,11-9041.00,0,0.06
2026-05-01,2026-06-01,Music Therapists,29-1129.02,0,0.06
2026-04-01,2026-05-01,Regulatory Affairs Managers,11-9199.01,0,0.06
2026-04-01,2026-05-01,"Arbitrators, Mediators, and Conciliators",23-1022.00,0,0.06
2026-05-01,2026-06-01,"Eligibility Interviewers, Government Programs",43-4061.00,0,0.06
2026-04-01,2026-05-01,Music Therapists,29-1129.02,0,0.06
2026-05-01,2026-06-01,Chemists,19-2031.00,0,0.06
2026-05-01,2026-06-01,"Teaching Assistants, Preschool, Elementary, Middle, and Secondary School, Except Special Education",25-9042.00,0,0.06
2026-04-01,2026-05-01,Natural Sciences Managers,11-9121.00,0,0.06
2026-04-01,2026-05-01,Anthropologists and Archeologists,19-3091.00,0,0.06
2026-04-01,2026-05-01,Chemists,19-2031.00,0,0.06
2026-05-01,2026-06-01,Anthropologists and Archeologists,19-3091.00,0,0.06
2026-04-01,2026-05-01,"First-Line Supervisors of Helpers, Laborers, and Material Movers, Hand",53-1042.00,0,0.06
2026-05-01,2026-06-01,"Electrical and Electronics Repairers, Powerhouse, Substation, and Relay",49-2095.00,0,0.06
2026-05-01,2026-06-01,Regulatory Affairs Managers,11-9199.01,0,0.06
2026-05-01,2026-06-01,Natural Sciences Managers,11-9121.00,0,0.06
2026-04-01,2026-05-01,Exercise Trainers and Group Fitness Instructors,39-9031.00,0,0.06
2026-05-01,2026-06-01,Tax Preparers,13-2082.00,0,0.06
2026-05-01,2026-06-01,"Entertainment and Recreation Managers, Except Gambling",11-9072.00,0,0.06
2026-05-01,2026-06-01,Blockchain Engineers,15-1299.07,0,0.06
2026-04-01,2026-05-01,Medical Assistants,31-9092.00,0,0.06
2026-05-01,2026-06-01,Legal Secretaries and Administrative Assistants,43-6012.00,0,0.06
2026-04-01,2026-05-01,Fundraisers,13-1131.00,0,0.06
2026-04-01,2026-05-01,"Eligibility Interviewers, Government Programs",43-4061.00,0,0.06
2026-05-01,2026-06-01,Fundraisers,13-1131.00,0,0.06
2026-05-01,2026-06-01,Architectural and Engineering Managers,11-9041.00,0,0.06
2026-04-01,2026-05-01,Judicial Law Clerks,23-1012.00,0,0.06
2026-05-01,2026-06-01,Stockers and Order Fillers,53-7065.00,0,0.06
2026-04-01,2026-05-01,Social and Community Service Managers,11-9151.00,0,0.05
2026-04-01,2026-05-01,Compliance Managers,11-9199.02,0,0.05
2026-04-01,2026-05-01,Security Management Specialists,13-1199.07,0,0.05
2026-05-01,2026-06-01,"Architects, Except Landscape and Naval",17-1011.00,0,0.05
2026-05-01,2026-06-01,Compliance Managers,11-9199.02,0,0.05
2026-05-01,2026-06-01,Customs and Border Protection Officers,33-3051.04,0,0.05
2026-05-01,2026-06-01,"Special Education Teachers, Elementary School",25-2056.00,0,0.05
2026-04-01,2026-05-01,"Teaching Assistants, Preschool, Elementary, Middle, and Secondary School, Except Special Education",25-9042.00,0,0.05
2026-05-01,2026-06-01,Clinical Nurse Specialists,29-1141.04,0,0.05
2026-05-01,2026-06-01,Electrical and Electronic Equipment Assemblers,51-2022.00,0,0.05
2026-04-01,2026-05-01,Film and Video Editors,27-4032.00,0,0.05
2026-04-01,2026-05-01,Hydrologic Technicians,19-4044.00,0,0.05
2026-05-01,2026-06-01,"First-Line Supervisors of Helpers, Laborers, and Material Movers, Hand",53-1042.00,0,0.05
2026-04-01,2026-05-01,Clinical Research Coordinators,11-9121.01,0,0.05
2026-05-01,2026-06-01,Film and Video Editors,27-4032.00,0,0.05
2026-05-01,2026-06-01,"Forestry and Conservation Science Teachers, Postsecondary",25-1043.00,0,0.05
2026-04-01,2026-05-01,Geodetic Surveyors,17-1022.01,0,0.05
2026-05-01,2026-06-01,Social and Community Service Managers,11-9151.00,0,0.05
2026-05-01,2026-06-01,Medical and Health Services Managers,11-9111.00,0,0.05
2026-05-01,2026-06-01,Clinical Research Coordinators,11-9121.01,0,0.05
2026-05-01,2026-06-01,Civil Engineering Technologists and Technicians,17-3022.00,0,0.05
2026-05-01,2026-06-01,Midwives,29-9099.01,0,0.05
2026-04-01,2026-05-01,Coaches and Scouts,27-2022.00,0,0.05
2026-04-01,2026-05-01,Civil Engineering Technologists and Technicians,17-3022.00,0,0.05
2026-04-01,2026-05-01,Medical and Health Services Managers,11-9111.00,0,0.05
2026-04-01,2026-05-01,Stockers and Order Fillers,53-7065.00,0,0.05
2026-05-01,2026-06-01,Hydrologic Technicians,19-4044.00,0,0.05
2026-05-01,2026-06-01,Fundraising Managers,11-2033.00,0,0.05
2026-04-01,2026-05-01,Regulatory Affairs Specialists,13-1041.07,0,0.05
2026-04-01,2026-05-01,Midwives,29-9099.01,0,0.05
2026-05-01,2026-06-01,Regulatory Affairs Specialists,13-1041.07,0,0.05
2026-05-01,2026-06-01,Coaches and Scouts,27-2022.00,0,0.05
2026-05-01,2026-06-01,Security Management Specialists,13-1199.07,0,0.05
2026-05-01,2026-06-01,Remote Sensing Technicians,19-4099.03,0,0.04
2026-05-01,2026-06-01,"Social Work Teachers, Postsecondary",25-1113.00,0,0.04
2026-05-01,2026-06-01,"Child, Family, and School Social Workers",21-1021.00,0,0.04
2026-05-01,2026-06-01,Orthoptists,29-1299.02,0,0.04
2026-04-01,2026-05-01,Clinical Nurse Specialists,29-1141.04,0,0.04
2026-05-01,2026-06-01,Millwrights,49-9044.00,0,0.04
2026-05-01,2026-06-01,First-Line Supervisors of Retail Sales Workers,41-1011.00,0,0.04
2026-05-01,2026-06-01,"Farming, Fishing, and Forestry",45,1,0.04
2026-05-01,2026-06-01,Billing and Posting Clerks,43-3021.00,0,0.04
2026-04-01,2026-05-01,Skincare Specialists,39-5094.00,0,0.04
2026-05-01,2026-06-01,"Elementary School Teachers, Except Special Education",25-2021.00,0,0.04
2026-05-01,2026-06-01,Microsystems Engineers,17-2199.06,0,0.04
2026-05-01,2026-06-01,Computer Network Architects,15-1241.00,0,0.04
2026-04-01,2026-05-01,Billing and Posting Clerks,43-3021.00,0,0.04
2026-04-01,2026-05-01,First-Line Supervisors of Retail Sales Workers,41-1011.00,0,0.04
2026-04-01,2026-05-01,Electrical and Electronic Equipment Assemblers,51-2022.00,0,0.04
2026-04-01,2026-05-01,Penetration Testers,15-1299.04,0,0.04
2026-05-01,2026-06-01,Penetration Testers,15-1299.04,0,0.04
2026-05-01,2026-06-01,Logistics Engineers,13-1081.01,0,0.04
2026-04-01,2026-05-01,"First-Line Supervisors of Entertainment and Recreation Workers, Except Gambling Services",39-1014.00,0,0.04
2026-05-01,2026-06-01,"Business Teachers, Postsecondary",25-1011.00,0,0.04
2026-05-01,2026-06-01,Government Property Inspectors and Investigators,13-1041.04,0,0.04
2026-05-01,2026-06-01,Interior Designers,27-1025.00,0,0.04
2026-04-01,2026-05-01,Nuclear Power Reactor Operators,51-8011.00,0,0.04
2026-05-01,2026-06-01,Epidemiologists,19-1041.00,0,0.04
2026-04-01,2026-05-01,Microsystems Engineers,17-2199.06,0,0.04
2026-05-01,2026-06-01,Skincare Specialists,39-5094.00,0,0.04
2026-05-01,2026-06-01,Special Effects Artists and Animators,27-1014.00,0,0.04
2026-04-01,2026-05-01,Government Property Inspectors and Investigators,13-1041.04,0,0.04
2026-05-01,2026-06-01,Nuclear Power Reactor Operators,51-8011.00,0,0.04
2026-04-01,2026-05-01,Special Effects Artists and Animators,27-1014.00,0,0.04
2026-05-01,2026-06-01,Real Estate Sales Agents,41-9022.00,0,0.04
2026-04-01,2026-05-01,Real Estate Sales Agents,41-9022.00,0,0.04
2026-04-01,2026-05-01,"Switchboard Operators, Including Answering Service",43-2011.00,0,0.04
2026-04-01,2026-05-01,Civil Engineers,17-2051.00,0,0.04
2026-05-01,2026-06-01,Appraisers and Assessors of Real Estate,13-2023.00,0,0.04
2026-05-01,2026-06-01,"Radio, Cellular, and Tower Equipment Installers and Repairers",49-2021.00,0,0.04
2026-05-01,2026-06-01,Order Clerks,43-4151.00,0,0.04
2026-04-01,2026-05-01,Computer Network Architects,15-1241.00,0,0.04
2026-04-01,2026-05-01,Customs and Border Protection Officers,33-3051.04,0,0.04
2026-04-01,2026-05-01,Interior Designers,27-1025.00,0,0.04
2026-05-01,2026-06-01,Animal Caretakers,39-2021.00,0,0.04
2026-05-01,2026-06-01,Media Programming Directors,27-2012.03,0,0.04
2026-04-01,2026-05-01,"Special Education Teachers, Elementary School",25-2056.00,0,0.04
2026-05-01,2026-06-01,"First-Line Supervisors of Entertainment and Recreation Workers, Except Gambling Services",39-1014.00,0,0.04
2026-04-01,2026-05-01,"Child, Family, and School Social Workers",21-1021.00,0,0.04
2026-04-01,2026-05-01,"Architects, Except Landscape and Naval",17-1011.00,0,0.04
2026-04-01,2026-05-01,"Forestry and Conservation Science Teachers, Postsecondary",25-1043.00,0,0.04
2026-04-01,2026-05-01,Fundraising Managers,11-2033.00,0,0.04
2026-05-01,2026-06-01,Photographers,27-4021.00,0,0.04
2026-04-01,2026-05-01,"Social Work Teachers, Postsecondary",25-1113.00,0,0.04
2026-05-01,2026-06-01,"Switchboard Operators, Including Answering Service",43-2011.00,0,0.04
2026-05-01,2026-06-01,Civil Engineers,17-2051.00,0,0.04
2026-04-01,2026-05-01,Remote Sensing Technicians,19-4099.03,0,0.04
2026-04-01,2026-05-01,Millwrights,49-9044.00,0,0.03
2026-04-01,2026-05-01,Transportation Engineers,17-2051.01,0,0.03
2026-04-01,2026-05-01,Purchasing Managers,11-3061.00,0,0.03
2026-05-01,2026-06-01,Security and Fire Alarm Systems Installers,49-2098.00,0,0.03
2026-04-01,2026-05-01,Customs Brokers,13-1041.08,0,0.03
2026-04-01,2026-05-01,"Elementary School Teachers, Except Special Education",25-2021.00,0,0.03
2026-05-01,2026-06-01,Logistics Analysts,13-1081.02,0,0.03
2026-04-01,2026-05-01,Order Clerks,43-4151.00,0,0.03
2026-04-01,2026-05-01,Genetic Counselors,29-9092.00,0,0.03
2026-04-01,2026-05-01,Carpenters,47-2031.00,0,0.03
2026-04-01,2026-05-01,"Farming, Fishing, and Forestry",45,1,0.03
2026-04-01,2026-05-01,Acute Care Nurses,29-1141.01,0,0.03
2026-04-01,2026-05-01,Geographers,19-3092.00,0,0.03
2026-04-01,2026-05-01,Budget Analysts,13-2031.00,0,0.03
2026-05-01,2026-06-01,Transportation Engineers,17-2051.01,0,0.03
2026-04-01,2026-05-01,Power Plant Operators,51-8013.00,0,0.03
2026-04-01,2026-05-01,Machinists,51-4041.00,0,0.03
2026-04-01,2026-05-01,Mechanical Drafters,17-3013.00,0,0.03
2026-05-01,2026-06-01,Floral Designers,27-1023.00,0,0.03
2026-04-01,2026-05-01,Floral Designers,27-1023.00,0,0.03
2026-05-01,2026-06-01,School Psychologists,19-3034.00,0,0.03
2026-04-01,2026-05-01,Animal Caretakers,39-2021.00,0,0.03
2026-04-01,2026-05-01,Logistics Analysts,13-1081.02,0,0.03
2026-05-01,2026-06-01,Environmental Engineers,17-2081.00,0,0.03
2026-04-01,2026-05-01,Gambling Dealers,39-3011.00,0,0.03
2026-05-01,2026-06-01,"Cooks, Institution and Cafeteria",35-2012.00,0,0.03
2026-05-01,2026-06-01,Human Resources Specialists,13-1071.00,0,0.03
2026-04-01,2026-05-01,"Business Teachers, Postsecondary",25-1011.00,0,0.03
2026-04-01,2026-05-01,School Psychologists,19-3034.00,0,0.03
2026-04-01,2026-05-01,Farm and Home Management Educators,25-9021.00,0,0.03
2026-05-01,2026-06-01,Facilities Managers,11-3013.00,0,0.03
2026-05-01,2026-06-01,"Area, Ethnic, and Cultural Studies Teachers, Postsecondary",25-1062.00,0,0.03
2026-04-01,2026-05-01,Logistics Engineers,13-1081.01,0,0.03
2026-05-01,2026-06-01,Physician Assistants,29-1071.00,0,0.03
2026-05-01,2026-06-01,"Camera Operators, Television, Video, and Film",27-4031.00,0,0.03
2026-04-01,2026-05-01,Validation Engineers,17-2112.02,0,0.03
2026-05-01,2026-06-01,Purchasing Managers,11-3061.00,0,0.03
2026-05-01,2026-06-01,Machinists,51-4041.00,0,0.03
2026-05-01,2026-06-01,First-Line Supervisors of Police and Detectives,33-1012.00,0,0.03
2026-05-01,2026-06-01,Bakers,51-3011.00,0,0.03
2026-05-01,2026-06-01,Farm and Home Management Educators,25-9021.00,0,0.03
2026-05-01,2026-06-01,Gambling Dealers,39-3011.00,0,0.03
2026-04-01,2026-05-01,Social and Human Service Assistants,21-1093.00,0,0.03
2026-04-01,2026-05-01,Appraisers and Assessors of Real Estate,13-2023.00,0,0.03
2026-04-01,2026-05-01,Industrial Machinery Mechanics,49-9041.00,0,0.03
2026-05-01,2026-06-01,Nurse Midwives,29-1161.00,0,0.03
2026-05-01,2026-06-01,Power Plant Operators,51-8013.00,0,0.03
2026-04-01,2026-05-01,Lodging Managers,11-9081.00,0,0.03
2026-04-01,2026-05-01,Automotive Service Technicians and Mechanics,49-3023.00,0,0.03
2026-04-01,2026-05-01,Media Programming Directors,27-2012.03,0,0.03
2026-05-01,2026-06-01,Acute Care Nurses,29-1141.01,0,0.03
2026-04-01,2026-05-01,"Radio, Cellular, and Tower Equipment Installers and Repairers",49-2021.00,0,0.03
2026-05-01,2026-06-01,Genetic Counselors,29-9092.00,0,0.03
2026-04-01,2026-05-01,"Administrative Law Judges, Adjudicators, and Hearing Officers",23-1021.00,0,0.03
2026-04-01,2026-05-01,Human Resources Specialists,13-1071.00,0,0.03
2026-05-01,2026-06-01,Solar Sales Representatives and Assessors,41-4011.07,0,0.03
2026-05-01,2026-06-01,Passenger Attendants,53-6061.00,0,0.03
2026-05-01,2026-06-01,Carpenters,47-2031.00,0,0.03
2026-04-01,2026-05-01,Security and Fire Alarm Systems Installers,49-2098.00,0,0.03
2026-04-01,2026-05-01,"Cooks, Private Household",35-2013.00,0,0.03
2026-05-01,2026-06-01,Water/Wastewater Engineers,17-2051.02,0,0.03
2026-05-01,2026-06-01,Architectural and Civil Drafters,17-3011.00,0,0.03
2026-04-01,2026-05-01,Physician Assistants,29-1071.00,0,0.03
2026-04-01,2026-05-01,Bakers,51-3011.00,0,0.03
2026-04-01,2026-05-01,Water/Wastewater Engineers,17-2051.02,0,0.03
2026-05-01,2026-06-01,"Administrative Law Judges, Adjudicators, and Hearing Officers",23-1021.00,0,0.03
2026-04-01,2026-05-01,Solar Sales Representatives and Assessors,41-4011.07,0,0.03
2026-05-01,2026-06-01,Social and Human Service Assistants,21-1093.00,0,0.03
2026-05-01,2026-06-01,Lodging Managers,11-9081.00,0,0.03
2026-04-01,2026-05-01,Environmental Engineers,17-2081.00,0,0.03
2026-05-01,2026-06-01,Budget Analysts,13-2031.00,0,0.03
2026-05-01,2026-06-01,Automotive Service Technicians and Mechanics,49-3023.00,0,0.03
2026-05-01,2026-06-01,Customs Brokers,13-1041.08,0,0.03
2026-05-01,2026-06-01,Geographers,19-3092.00,0,0.03
2026-05-01,2026-06-01,Validation Engineers,17-2112.02,0,0.03
2026-04-01,2026-05-01,Epidemiologists,19-1041.00,0,0.03
2026-04-01,2026-05-01,Tour Guides and Escorts,39-7011.00,0,0.03
2026-04-01,2026-05-01,Photographers,27-4021.00,0,0.03
2026-05-01,2026-06-01,"Cooks, Private Household",35-2013.00,0,0.03
2026-04-01,2026-05-01,Orthoptists,29-1299.02,0,0.03
2026-05-01,2026-06-01,"Weighers, Measurers, Checkers, and Samplers, Recordkeeping",43-5111.00,0,0.03
2026-04-01,2026-05-01,"Area, Ethnic, and Cultural Studies Teachers, Postsecondary",25-1062.00,0,0.03
2026-05-01,2026-06-01,Tour Guides and Escorts,39-7011.00,0,0.03
2026-05-01,2026-06-01,Mechanical Drafters,17-3013.00,0,0.03
2026-05-01,2026-06-01,Neuropsychologists,19-3039.02,0,0.02
2026-04-01,2026-05-01,Nurse Midwives,29-1161.00,0,0.02
2026-04-01,2026-05-01,Veterinary Technologists and Technicians,29-2056.00,0,0.02
2026-04-01,2026-05-01,Solar Energy Systems Engineers,17-2199.11,0,0.02
2026-04-01,2026-05-01,Electrical Engineers,17-2071.00,0,0.02
2026-05-01,2026-06-01,Patient Representatives,29-2099.08,0,0.02
2026-04-01,2026-05-01,Bartenders,35-3011.00,0,0.02
2026-04-01,2026-05-01,Sustainability Specialists,13-1199.05,0,0.02
2026-04-01,2026-05-01,"Compensation, Benefits, and Job Analysis Specialists",13-1141.00,0,0.02
2026-04-01,2026-05-01,Dining Room and Cafeteria Attendants and Bartender Helpers,35-9011.00,0,0.02
2026-05-01,2026-06-01,Bioengineers and Biomedical Engineers,17-2031.00,0,0.02
2026-04-01,2026-05-01,Allergists and Immunologists,29-1229.01,0,0.02
2026-04-01,2026-05-01,Marine Engineers and Naval Architects,17-2121.00,0,0.02
2026-04-01,2026-05-01,"Title Examiners, Abstractors, and Searchers",23-2093.00,0,0.02
2026-04-01,2026-05-01,Industrial Engineers,17-2112.00,0,0.02
2026-05-01,2026-06-01,Compensation and Benefits Managers,11-3111.00,0,0.02
2026-04-01,2026-05-01,"Cooks, Institution and Cafeteria",35-2012.00,0,0.02
2026-05-01,2026-06-01,General Internal Medicine Physicians,29-1216.00,0,0.02
2026-05-01,2026-06-01,Substance Abuse and Behavioral Disorder Counselors,21-1011.00,0,0.02
2026-04-01,2026-05-01,Family Medicine Physicians,29-1215.00,0,0.02
2026-05-01,2026-06-01,Postmasters and Mail Superintendents,11-9131.00,0,0.02
2026-05-01,2026-06-01,Medical Transcriptionists,31-9094.00,0,0.02
2026-05-01,2026-06-01,"Hairdressers, Hairstylists, and Cosmetologists",39-5012.00,0,0.02
2026-04-01,2026-05-01,"Weighers, Measurers, Checkers, and Samplers, Recordkeeping",43-5111.00,0,0.02
2026-05-01,2026-06-01,Paramedics,29-2043.00,0,0.02
2026-05-01,2026-06-01,Cartographers and Photogrammetrists,17-1021.00,0,0.02
2026-04-01,2026-05-01,"Fraud Examiners, Investigators and Analysts",13-2099.04,0,0.02
2026-05-01,2026-06-01,First-Line Supervisors of Passenger Attendants,53-1044.00,0,0.02
2026-05-01,2026-06-01,Automotive Engineering Technicians,17-3027.01,0,0.02
2026-05-01,2026-06-01,"Patternmakers, Wood",51-7032.00,0,0.02
2026-04-01,2026-05-01,Compensation and Benefits Managers,11-3111.00,0,0.02
2026-04-01,2026-05-01,Tellers,43-3071.00,0,0.02
2026-05-01,2026-06-01,Atmospheric and Space Scientists,19-2021.00,0,0.02
2026-04-01,2026-05-01,"Education and Childcare Administrators, Preschool and Daycare",11-9031.00,0,0.02
2026-04-01,2026-05-01,First-Line Supervisors of Non-Retail Sales Workers,41-1012.00,0,0.02
2026-04-01,2026-05-01,Obstetricians and Gynecologists,29-1218.00,0,0.02
2026-04-01,2026-05-01,Medical Transcriptionists,31-9094.00,0,0.02
2026-04-01,2026-05-01,Emergency Medical Technicians,29-2042.00,0,0.02
2026-05-01,2026-06-01,Agricultural Engineers,17-2021.00,0,0.02
2026-05-01,2026-06-01,Solar Energy Systems Engineers,17-2199.11,0,0.02
2026-05-01,2026-06-01,"Farmworkers and Laborers, Crop, Nursery, and Greenhouse",45-2092.00,0,0.02
2026-05-01,2026-06-01,"Pediatricians, General",29-1221.00,0,0.02
2026-04-01,2026-05-01,"Pediatricians, General",29-1221.00,0,0.02
2026-05-01,2026-06-01,"Fraud Examiners, Investigators and Analysts",13-2099.04,0,0.02
2026-04-01,2026-05-01,Facilities Managers,11-3013.00,0,0.02
2026-04-01,2026-05-01,Materials Engineers,17-2131.00,0,0.02
2026-05-01,2026-06-01,"Farmers, Ranchers, and Other Agricultural Managers",11-9013.00,0,0.02
2026-04-01,2026-05-01,"Farmworkers and Laborers, Crop, Nursery, and Greenhouse",45-2092.00,0,0.02
2026-05-01,2026-06-01,"Special Education Teachers, Kindergarten",25-2055.00,0,0.02
2026-05-01,2026-06-01,Neurologists,29-1217.00,0,0.02
2026-04-01,2026-05-01,Atmospheric and Space Scientists,19-2021.00,0,0.02
2026-04-01,2026-05-01,"Hairdressers, Hairstylists, and Cosmetologists",39-5012.00,0,0.02
2026-04-01,2026-05-01,"Patternmakers, Wood",51-7032.00,0,0.02
2026-04-01,2026-05-01,Agricultural Engineers,17-2021.00,0,0.02
2026-04-01,2026-05-01,Neuropsychologists,19-3039.02,0,0.02
2026-04-01,2026-05-01,Electro-Mechanical and Mechatronics Technologists and Technicians,17-3024.00,0,0.02
2026-04-01,2026-05-01,Paramedics,29-2043.00,0,0.02
2026-05-01,2026-06-01,Electro-Mechanical and Mechatronics Technologists and Technicians,17-3024.00,0,0.02
2026-04-01,2026-05-01,Architectural and Civil Drafters,17-3011.00,0,0.02
2026-05-01,2026-06-01,Human Resources Managers,11-3121.00,0,0.02
2026-05-01,2026-06-01,Industrial Machinery Mechanics,49-9041.00,0,0.02
2026-04-01,2026-05-01,First-Line Supervisors of Police and Detectives,33-1012.00,0,0.02
2026-05-01,2026-06-01,Dining Room and Cafeteria Attendants and Bartender Helpers,35-9011.00,0,0.02
2026-05-01,2026-06-01,"Compensation, Benefits, and Job Analysis Specialists",13-1141.00,0,0.02
2026-05-01,2026-06-01,"Education and Childcare Administrators, Preschool and Daycare",11-9031.00,0,0.02
2026-05-01,2026-06-01,Electrical Engineers,17-2071.00,0,0.02
2026-05-01,2026-06-01,Landscape Architects,17-1012.00,0,0.02
2026-05-01,2026-06-01,Veterinarians,29-1131.00,0,0.02
2026-05-01,2026-06-01,"Mathematical Science Teachers, Postsecondary",25-1022.00,0,0.02
2026-05-01,2026-06-01,Veterinary Technologists and Technicians,29-2056.00,0,0.02
2026-05-01,2026-06-01,Bartenders,35-3011.00,0,0.02
2026-05-01,2026-06-01,First-Line Supervisors of Construction Trades and Extraction Workers,47-1011.00,0,0.02
2026-04-01,2026-05-01,Bioengineers and Biomedical Engineers,17-2031.00,0,0.02
2026-04-01,2026-05-01,General Internal Medicine Physicians,29-1216.00,0,0.02
2026-05-01,2026-06-01,Wind Energy Development Managers,11-9199.10,0,0.02
2026-05-01,2026-06-01,Materials Engineers,17-2131.00,0,0.02
2026-04-01,2026-05-01,"Health and Safety Engineers, Except Mining Safety Engineers and Inspectors",17-2111.00,0,0.02
2026-05-01,2026-06-01,"Health and Safety Engineers, Except Mining Safety Engineers and Inspectors",17-2111.00,0,0.02
2026-05-01,2026-06-01,Industrial Engineers,17-2112.00,0,0.02
2026-04-01,2026-05-01,Substance Abuse and Behavioral Disorder Counselors,21-1011.00,0,0.02
2026-05-01,2026-06-01,Allergists and Immunologists,29-1229.01,0,0.02
2026-04-01,2026-05-01,Industrial Production Managers,11-3051.00,0,0.02
2026-05-01,2026-06-01,Emergency Medical Technicians,29-2042.00,0,0.02
2026-05-01,2026-06-01,Tellers,43-3071.00,0,0.02
2026-04-01,2026-05-01,Patient Representatives,29-2099.08,0,0.02
2026-05-01,2026-06-01,Obstetricians and Gynecologists,29-1218.00,0,0.02
2026-04-01,2026-05-01,Automotive Engineering Technicians,17-3027.01,0,0.02
2026-04-01,2026-05-01,Cartographers and Photogrammetrists,17-1021.00,0,0.02
2026-05-01,2026-06-01,"Kindergarten Teachers, Except Special Education",25-2012.00,0,0.02
2026-05-01,2026-06-01,Retail Loss Prevention Specialists,33-9099.02,0,0.02
2026-05-01,2026-06-01,"Title Examiners, Abstractors, and Searchers",23-2093.00,0,0.02
2026-05-01,2026-06-01,First-Line Supervisors of Non-Retail Sales Workers,41-1012.00,0,0.02
2026-04-01,2026-05-01,"Kindergarten Teachers, Except Special Education",25-2012.00,0,0.02
2026-04-01,2026-05-01,Passenger Attendants,53-6061.00,0,0.02
2026-04-01,2026-05-01,"Farmers, Ranchers, and Other Agricultural Managers",11-9013.00,0,0.02
2026-05-01,2026-06-01,Sound Engineering Technicians,27-4014.00,0,0.02
2026-04-01,2026-05-01,"Camera Operators, Television, Video, and Film",27-4031.00,0,0.02
2026-04-01,2026-05-01,"Middle School Teachers, Except Special and Career/Technical Education",25-2022.00,0,0.02
2026-05-01,2026-06-01,Marine Engineers and Naval Architects,17-2121.00,0,0.02
2026-05-01,2026-06-01,"Middle School Teachers, Except Special and Career/Technical Education",25-2022.00,0,0.02
2026-05-01,2026-06-01,Family Medicine Physicians,29-1215.00,0,0.02
2026-05-01,2026-06-01,Physical Therapists,29-1123.00,0,0.02
2026-05-01,2026-06-01,Industrial Production Managers,11-3051.00,0,0.02
2026-05-01,2026-06-01,Pest Control Workers,37-2021.00,0,0.02
2026-05-01,2026-06-01,Transportation Inspectors,53-6051.00,0,0.02
2026-04-01,2026-05-01,Human Resources Managers,11-3121.00,0,0.02
2026-04-01,2026-05-01,Supply Chain Managers,11-3071.04,0,0.01
2026-04-01,2026-05-01,"Energy Engineers, Except Wind and Solar",17-2199.03,0,0.01
2026-04-01,2026-05-01,Audiovisual Equipment Installers and Repairers,49-2097.00,0,0.01
2026-04-01,2026-05-01,Urban and Regional Planners,19-3051.00,0,0.01
2026-04-01,2026-05-01,"Morticians, Undertakers, and Funeral Arrangers",39-4031.00,0,0.01
2026-05-01,2026-06-01,Intelligence Analysts,33-3021.06,0,0.01
2026-04-01,2026-05-01,Transportation Planners,19-3099.01,0,0.01
2026-04-01,2026-05-01,Registered Nurses,29-1141.00,0,0.01
2026-04-01,2026-05-01,Physical Therapists,29-1123.00,0,0.01
2026-04-01,2026-05-01,Mental Health and Substance Abuse Social Workers,21-1023.00,0,0.01
2026-04-01,2026-05-01,Barbers,39-5011.00,0,0.01
2026-05-01,2026-06-01,Robotics Engineers,17-2199.08,0,0.01
2026-05-01,2026-06-01,Legislators,11-1031.00,0,0.01
2026-05-01,2026-06-01,"Dispatchers, Except Police, Fire, and Ambulance",43-5032.00,0,0.01
2026-05-01,2026-06-01,School Bus Monitors,33-9094.00,0,0.01
2026-04-01,2026-05-01,Solar Photovoltaic Installers,47-2231.00,0,0.01
2026-05-01,2026-06-01,"Career/Technical Education Teachers, Middle School",25-2023.00,0,0.01
2026-05-01,2026-06-01,Mental Health and Substance Abuse Social Workers,21-1023.00,0,0.01
2026-05-01,2026-06-01,"Teaching Assistants, Special Education",25-9043.00,0,0.01
2026-05-01,2026-06-01,"Morticians, Undertakers, and Funeral Arrangers",39-4031.00,0,0.01
2026-05-01,2026-06-01,"Communications Teachers, Postsecondary",25-1122.00,0,0.01
2026-04-01,2026-05-01,Orthodontists,29-1023.00,0,0.01
2026-04-01,2026-05-01,Police and Sheriff's Patrol Officers,33-3051.00,0,0.01
2026-05-01,2026-06-01,"Library Science Teachers, Postsecondary",25-1082.00,0,0.01
2026-04-01,2026-05-01,New Accounts Clerks,43-4141.00,0,0.01
2026-05-01,2026-06-01,Supply Chain Managers,11-3071.04,0,0.01
2026-05-01,2026-06-01,Weatherization Installers and Technicians,47-4099.03,0,0.01
2026-04-01,2026-05-01,Crematory Operators,39-4012.00,0,0.01
2026-05-01,2026-06-01,Recreational Therapists,29-1125.00,0,0.01
2026-05-01,2026-06-01,Medical Secretaries and Administrative Assistants,43-6013.00,0,0.01
2026-05-01,2026-06-01,Orthodontists,29-1023.00,0,0.01
2026-05-01,2026-06-01,Freight Forwarders,43-5011.01,0,0.01
2026-05-01,2026-06-01,First-Line Supervisors of Firefighting and Prevention Workers,33-1021.00,0,0.01
2026-04-01,2026-05-01,"Claims Adjusters, Examiners, and Investigators",13-1031.00,0,0.01
2026-05-01,2026-06-01,Fast Food and Counter Workers,35-3023.00,0,0.01
2026-04-01,2026-05-01,Nuclear Engineers,17-2161.00,0,0.01
2026-04-01,2026-05-01,"Painters, Construction and Maintenance",47-2141.00,0,0.01
2026-04-01,2026-05-01,Musicians and Singers,27-2042.00,0,0.01
2026-04-01,2026-05-01,Postmasters and Mail Superintendents,11-9131.00,0,0.01
2026-04-01,2026-05-01,"Health Specialties Teachers, Postsecondary",25-1071.00,0,0.01
2026-04-01,2026-05-01,Freight Forwarders,43-5011.01,0,0.01
2026-05-01,2026-06-01,"Computer, Automated Teller, and Office Machine Repairers",49-2011.00,0,0.01
2026-05-01,2026-06-01,Psychiatric Technicians,29-2053.00,0,0.01
2026-05-01,2026-06-01,Electrical and Electronics Drafters,17-3012.00,0,0.01
2026-04-01,2026-05-01,Zoologists and Wildlife Biologists,19-1023.00,0,0.01
2026-04-01,2026-05-01,"Property, Real Estate, and Community Association Managers",11-9141.00,0,0.01
2026-05-01,2026-06-01,"Energy Engineers, Except Wind and Solar",17-2199.03,0,0.01
2026-04-01,2026-05-01,Intelligence Analysts,33-3021.06,0,0.01
2026-05-01,2026-06-01,Audiovisual Equipment Installers and Repairers,49-2097.00,0,0.01
2026-05-01,2026-06-01,Procurement Clerks,43-3061.00,0,0.01
2026-04-01,2026-05-01,"Family and Consumer Sciences Teachers, Postsecondary",25-1192.00,0,0.01
2026-04-01,2026-05-01,"Computer, Automated Teller, and Office Machine Repairers",49-2011.00,0,0.01
2026-04-01,2026-05-01,Psychiatric Technicians,29-2053.00,0,0.01
2026-04-01,2026-05-01,"Education Teachers, Postsecondary",25-1081.00,0,0.01
2026-04-01,2026-05-01,"Physicians, Pathologists",29-1222.00,0,0.01
2026-05-01,2026-06-01,Furniture Finishers,51-7021.00,0,0.01
2026-05-01,2026-06-01,Cost Estimators,13-1051.00,0,0.01
2026-05-01,2026-06-01,"Geography Teachers, Postsecondary",25-1064.00,0,0.01
2026-05-01,2026-06-01,"Political Science Teachers, Postsecondary",25-1065.00,0,0.01
2026-05-01,2026-06-01,Cabinetmakers and Bench Carpenters,51-7011.00,0,0.01
2026-05-01,2026-06-01,"Physics Teachers, Postsecondary",25-1054.00,0,0.01
2026-04-01,2026-05-01,Rehabilitation Counselors,21-1015.00,0,0.01
2026-04-01,2026-05-01,Baggage Porters and Bellhops,39-6011.00,0,0.01
2026-04-01,2026-05-01,Loss Prevention Managers,11-9199.08,0,0.01
2026-04-01,2026-05-01,Electrical and Electronic Engineering Technologists and Technicians,17-3023.00,0,0.01
2026-04-01,2026-05-01,Critical Care Nurses,29-1141.03,0,0.01
2026-05-01,2026-06-01,"Computer Science Teachers, Postsecondary",25-1021.00,0,0.01
2026-04-01,2026-05-01,"Library Assistants, Clerical",43-4121.00,0,0.01
2026-04-01,2026-05-01,Electrical and Electronics Drafters,17-3012.00,0,0.01
2026-04-01,2026-05-01,"Agricultural Sciences Teachers, Postsecondary",25-1041.00,0,0.01
2026-05-01,2026-06-01,"Disc Jockeys, Except Radio",27-2091.00,0,0.01
2026-05-01,2026-06-01,Forest and Conservation Technicians,19-4071.00,0,0.01
2026-05-01,2026-06-01,"Human Resources Assistants, Except Payroll and Timekeeping",43-4161.00,0,0.01
2026-05-01,2026-06-01,Set and Exhibit Designers,27-1027.00,0,0.01
2026-05-01,2026-06-01,Adapted Physical Education Specialists,25-2059.01,0,0.01
2026-04-01,2026-05-01,"First-Line Supervisors of Landscaping, Lawn Service, and Groundskeeping Workers",37-1012.00,0,0.01
2026-04-01,2026-05-01,Psychiatrists,29-1223.00,0,0.01
2026-04-01,2026-05-01,Broadcast Technicians,27-4012.00,0,0.01
2026-04-01,2026-05-01,"Economics Teachers, Postsecondary",25-1063.00,0,0.01
2026-04-01,2026-05-01,Credit Analysts,13-2041.00,0,0.01
2026-04-01,2026-05-01,Robotics Engineers,17-2199.08,0,0.01
2026-04-01,2026-05-01,"Medical Scientists, Except Epidemiologists",19-1042.00,0,0.01
2026-04-01,2026-05-01,"Environmental Science Teachers, Postsecondary",25-1053.00,0,0.01
2026-04-01,2026-05-01,"Cooks, Restaurant",35-2014.00,0,0.01
2026-04-01,2026-05-01,"Computer Science Teachers, Postsecondary",25-1021.00,0,0.01
2026-05-01,2026-06-01,Health Informatics Specialists,15-1211.01,0,0.01
2026-04-01,2026-05-01,Legislators,11-1031.00,0,0.01
2026-04-01,2026-05-01,Medical Secretaries and Administrative Assistants,43-6013.00,0,0.01
2026-05-01,2026-06-01,Crematory Operators,39-4012.00,0,0.01
2026-05-01,2026-06-01,Nuclear Engineers,17-2161.00,0,0.01
2026-05-01,2026-06-01,"Painters, Construction and Maintenance",47-2141.00,0,0.01
2026-04-01,2026-05-01,Solar Energy Installation Managers,47-1011.03,0,0.01
2026-04-01,2026-05-01,"Communications Teachers, Postsecondary",25-1122.00,0,0.01
2026-04-01,2026-05-01,"Tax Examiners and Collectors, and Revenue Agents",13-2081.00,0,0.01
2026-04-01,2026-05-01,"Foreign Language and Literature Teachers, Postsecondary",25-1124.00,0,0.01
2026-05-01,2026-06-01,Zoologists and Wildlife Biologists,19-1023.00,0,0.01
2026-04-01,2026-05-01,"Geological Technicians, Except Hydrologic Technicians",19-4043.00,0,0.01
2026-05-01,2026-06-01,Motorboat Mechanics and Service Technicians,49-3051.00,0,0.01
2026-05-01,2026-06-01,"History Teachers, Postsecondary",25-1125.00,0,0.01
2026-05-01,2026-06-01,"Special Education Teachers, Secondary School",25-2058.00,0,0.01
2026-04-01,2026-05-01,"Recreation and Fitness Studies Teachers, Postsecondary",25-1193.00,0,0.01
2026-04-01,2026-05-01,First-Line Supervisors of Food Preparation and Serving Workers,35-1012.00,0,0.01
2026-05-01,2026-06-01,"Environmental Science Teachers, Postsecondary",25-1053.00,0,0.01
2026-05-01,2026-06-01,"Cooks, Restaurant",35-2014.00,0,0.01
2026-05-01,2026-06-01,"Medical Scientists, Except Epidemiologists",19-1042.00,0,0.01
2026-05-01,2026-06-01,Registered Nurses,29-1141.00,0,0.01
2026-04-01,2026-05-01,Physical Therapist Assistants,31-2021.00,0,0.01
2026-04-01,2026-05-01,"Nursing Instructors and Teachers, Postsecondary",25-1072.00,0,0.01
2026-04-01,2026-05-01,Travel Agents,41-3041.00,0,0.01
2026-04-01,2026-05-01,Cost Estimators,13-1051.00,0,0.01
2026-05-01,2026-06-01,Urban and Regional Planners,19-3051.00,0,0.01
2026-05-01,2026-06-01,Recreational Vehicle Service Technicians,49-3092.00,0,0.01
2026-04-01,2026-05-01,"Disc Jockeys, Except Radio",27-2091.00,0,0.01
2026-05-01,2026-06-01,"First-Line Supervisors of Landscaping, Lawn Service, and Groundskeeping Workers",37-1012.00,0,0.01
2026-05-01,2026-06-01,Baggage Porters and Bellhops,39-6011.00,0,0.01
2026-05-01,2026-06-01,"Criminal Justice and Law Enforcement Teachers, Postsecondary",25-1111.00,0,0.01
2026-05-01,2026-06-01,"Architecture Teachers, Postsecondary",25-1031.00,0,0.01
2026-05-01,2026-06-01,"Claims Adjusters, Examiners, and Investigators",13-1031.00,0,0.01
2026-04-01,2026-05-01,Park Naturalists,19-1031.03,0,0.01
2026-04-01,2026-05-01,Chefs and Head Cooks,35-1011.00,0,0.01
2026-05-01,2026-06-01,Payroll and Timekeeping Clerks,43-3051.00,0,0.01
2026-05-01,2026-06-01,Petroleum Engineers,17-2171.00,0,0.01
2026-05-01,2026-06-01,Music Directors and Composers,27-2041.00,0,0.01
2026-04-01,2026-05-01,First-Line Supervisors of Passenger Attendants,53-1044.00,0,0.01
2026-04-01,2026-05-01,Radiologists,29-1224.00,0,0.01
2026-05-01,2026-06-01,Loan Interviewers and Clerks,43-4131.00,0,0.01
2026-05-01,2026-06-01,Flight Attendants,53-2031.00,0,0.01
2026-05-01,2026-06-01,"First-Line Supervisors of Farming, Fishing, and Forestry Workers",45-1011.00,0,0.01
2026-05-01,2026-06-01,Sustainability Specialists,13-1199.05,0,0.01
2026-04-01,2026-05-01,Naturopathic Physicians,29-1299.01,0,0.01
2026-04-01,2026-05-01,Surveying and Mapping Technicians,17-3031.00,0,0.01
2026-04-01,2026-05-01,Construction Managers,11-9021.00,0,0.01
2026-05-01,2026-06-01,"Career/Technical Education Teachers, Secondary School",25-2032.00,0,0.01
2026-04-01,2026-05-01,Fast Food and Counter Workers,35-3023.00,0,0.01
2026-04-01,2026-05-01,"Human Resources Assistants, Except Payroll and Timekeeping",43-4161.00,0,0.01
2026-04-01,2026-05-01,Forest and Conservation Technicians,19-4071.00,0,0.01
2026-04-01,2026-05-01,Sound Engineering Technicians,27-4014.00,0,0.01
2026-04-01,2026-05-01,"Political Science Teachers, Postsecondary",25-1065.00,0,0.01
2026-05-01,2026-06-01,"Library Assistants, Clerical",43-4121.00,0,0.01
2026-05-01,2026-06-01,"Recreation and Fitness Studies Teachers, Postsecondary",25-1193.00,0,0.01
2026-04-01,2026-05-01,Cabinetmakers and Bench Carpenters,51-7011.00,0,0.01
2026-05-01,2026-06-01,Chefs and Head Cooks,35-1011.00,0,0.01
2026-05-01,2026-06-01,"Tax Examiners and Collectors, and Revenue Agents",13-2081.00,0,0.01
2026-05-01,2026-06-01,Musicians and Singers,27-2042.00,0,0.01
2026-04-01,2026-05-01,Furniture Finishers,51-7021.00,0,0.01
2026-05-01,2026-06-01,Credit Analysts,13-2041.00,0,0.01
2026-04-01,2026-05-01,First-Line Supervisors of Correctional Officers,33-1011.00,0,0.01
2026-04-01,2026-05-01,First-Line Supervisors of Material-Moving Machine and Vehicle Operators,53-1043.00,0,0.01
2026-04-01,2026-05-01,"Chemistry Teachers, Postsecondary",25-1052.00,0,0.01
2026-05-01,2026-06-01,Information Security Analysts,15-1212.00,0,0.01
2026-05-01,2026-06-01,Computer Numerically Controlled Tool Programmers,51-9162.00,0,0.01
2026-05-01,2026-06-01,Occupational Health and Safety Technicians,19-5012.00,0,0.01
2026-05-01,2026-06-01,Funeral Attendants,39-4021.00,0,0.01
2026-05-01,2026-06-01,Advanced Practice Psychiatric Nurses,29-1141.02,0,0.01
2026-04-01,2026-05-01,Geneticists,19-1029.03,0,0.01
2026-05-01,2026-06-01,"Sociology Teachers, Postsecondary",25-1067.00,0,0.01
2026-05-01,2026-06-01,Clinical Neuropsychologists,19-3039.03,0,0.01
2026-04-01,2026-05-01,"Law Teachers, Postsecondary",25-1112.00,0,0.01
2026-05-01,2026-06-01,"Special Education Teachers, Middle School",25-2057.00,0,0.01
2026-05-01,2026-06-01,Appraisers of Personal and Business Property,13-2022.00,0,0.01
2026-04-01,2026-05-01,"First-Line Supervisors of Mechanics, Installers, and Repairers",49-1011.00,0,0.01
2026-05-01,2026-06-01,Speech-Language Pathologists,29-1127.00,0,0.01
2026-04-01,2026-05-01,"Special Education Teachers, Middle School",25-2057.00,0,0.01
2026-04-01,2026-05-01,"Psychology Teachers, Postsecondary",25-1066.00,0,0.01
2026-04-01,2026-05-01,Anesthesiologists,29-1211.00,0,0.01
2026-04-01,2026-05-01,Microbiologists,19-1022.00,0,0.01
2026-04-01,2026-05-01,Computer Numerically Controlled Tool Programmers,51-9162.00,0,0.01
2026-04-01,2026-05-01,Advanced Practice Psychiatric Nurses,29-1141.02,0,0.01
2026-04-01,2026-05-01,"Mathematical Science Teachers, Postsecondary",25-1022.00,0,0.01
2026-04-01,2026-05-01,Art Therapists,29-1129.01,0,0.01
2026-04-01,2026-05-01,Security Managers,11-3013.01,0,0.01
2026-05-01,2026-06-01,Transportation Planners,19-3099.01,0,0.01
2026-04-01,2026-05-01,"Geography Teachers, Postsecondary",25-1064.00,0,0.01
2026-04-01,2026-05-01,Survey Researchers,19-3022.00,0,0.01
2026-05-01,2026-06-01,Critical Care Nurses,29-1141.03,0,0.01
2026-05-01,2026-06-01,Broadcast Technicians,27-4012.00,0,0.01
2026-05-01,2026-06-01,Gambling and Sports Book Writers and Runners,39-3012.00,0,0.01
2026-04-01,2026-05-01,"Career/Technical Education Teachers, Secondary School",25-2032.00,0,0.01
2026-04-01,2026-05-01,"Physics Teachers, Postsecondary",25-1054.00,0,0.01
2026-05-01,2026-06-01,Naturopathic Physicians,29-1299.01,0,0.01
2026-05-01,2026-06-01,Solar Energy Installation Managers,47-1011.03,0,0.01
2026-05-01,2026-06-01,"Law Teachers, Postsecondary",25-1112.00,0,0.01
2026-05-01,2026-06-01,Surveying and Mapping Technicians,17-3031.00,0,0.01
2026-05-01,2026-06-01,First-Line Supervisors of Food Preparation and Serving Workers,35-1012.00,0,0.01
2026-05-01,2026-06-01,"Education Teachers, Postsecondary",25-1081.00,0,0.01
2026-05-01,2026-06-01,Soil and Plant Scientists,19-1013.00,0,0.01
2026-05-01,2026-06-01,Radiologists,29-1224.00,0,0.01
2026-05-01,2026-06-01,Loss Prevention Managers,11-9199.08,0,0.01
2026-04-01,2026-05-01,"Judges, Magistrate Judges, and Magistrates",23-1023.00,0,0.01
2026-04-01,2026-05-01,"Sociology Teachers, Postsecondary",25-1067.00,0,0.01
2026-04-01,2026-05-01,First-Line Supervisors of Construction Trades and Extraction Workers,47-1011.00,0,0.01
2026-04-01,2026-05-01,"Special Education Teachers, Secondary School",25-2058.00,0,0.01
2026-05-01,2026-06-01,"Geological Technicians, Except Hydrologic Technicians",19-4043.00,0,0.01
2026-05-01,2026-06-01,First-Line Supervisors of Gambling Services Workers,39-1013.00,0,0.01
2026-05-01,2026-06-01,"Mixing and Blending Machine Setters, Operators, and Tenders",51-9023.00,0,0.01
2026-04-01,2026-05-01,First-Line Supervisors of Gambling Services Workers,39-1013.00,0,0.01
2026-04-01,2026-05-01,Clinical Neuropsychologists,19-3039.03,0,0.01
2026-04-01,2026-05-01,Veterinarians,29-1131.00,0,0.01
2026-05-01,2026-06-01,Dental Hygienists,29-1292.00,0,0.01
2026-05-01,2026-06-01,Anesthesiologists,29-1211.00,0,0.01
2026-05-01,2026-06-01,"Agricultural Sciences Teachers, Postsecondary",25-1041.00,0,0.01
2026-05-01,2026-06-01,Rehabilitation Counselors,21-1015.00,0,0.01
2026-05-01,2026-06-01,Electrical and Electronic Engineering Technologists and Technicians,17-3023.00,0,0.01
2026-05-01,2026-06-01,"Chemistry Teachers, Postsecondary",25-1052.00,0,0.01
2026-05-01,2026-06-01,Park Naturalists,19-1031.03,0,0.01
2026-05-01,2026-06-01,First-Line Supervisors of Material-Moving Machine and Vehicle Operators,53-1043.00,0,0.01
2026-04-01,2026-05-01,"Special Education Teachers, Kindergarten",25-2055.00,0,0.01
2026-04-01,2026-05-01,Payroll and Timekeeping Clerks,43-3051.00,0,0.01
2026-04-01,2026-05-01,Set and Exhibit Designers,27-1027.00,0,0.01
2026-04-01,2026-05-01,"History Teachers, Postsecondary",25-1125.00,0,0.01
2026-04-01,2026-05-01,"Mixing and Blending Machine Setters, Operators, and Tenders",51-9023.00,0,0.01
2026-04-01,2026-05-01,Occupational Health and Safety Technicians,19-5012.00,0,0.01
2026-05-01,2026-06-01,Concierges,39-6012.00,0,0.01
2026-05-01,2026-06-01,"Judges, Magistrate Judges, and Magistrates",23-1023.00,0,0.01
2026-05-01,2026-06-01,Security Managers,11-3013.01,0,0.01
2026-05-01,2026-06-01,"Mobile Heavy Equipment Mechanics, Except Engines",49-3042.00,0,0.01
2026-05-01,2026-06-01,"Foreign Language and Literature Teachers, Postsecondary",25-1124.00,0,0.01
2026-05-01,2026-06-01,Construction Managers,11-9021.00,0,0.01
2026-05-01,2026-06-01,Geneticists,19-1029.03,0,0.01
2026-04-01,2026-05-01,Wind Energy Development Managers,11-9199.10,0,0.01
2026-04-01,2026-05-01,Traffic Technicians,53-6041.00,0,0.01
2026-04-01,2026-05-01,"Credit Authorizers, Checkers, and Clerks",43-4041.00,0,0.01
2026-04-01,2026-05-01,"Maintenance and Repair Workers, General",49-9071.00,0,0.01
2026-05-01,2026-06-01,"Maintenance and Repair Workers, General",49-9071.00,0,0.01
2026-04-01,2026-05-01,Speech-Language Pathologists,29-1127.00,0,0.01
2026-05-01,2026-06-01,"Preschool Teachers, Except Special Education",25-2011.00,0,0.01
2026-05-01,2026-06-01,Air Traffic Controllers,53-2021.00,0,0.01
2026-05-01,2026-06-01,"Family and Consumer Sciences Teachers, Postsecondary",25-1192.00,0,0.01
2026-05-01,2026-06-01,"Physicians, Pathologists",29-1222.00,0,0.01
2026-04-01,2026-05-01,Neurologists,29-1217.00,0,0.01
2026-04-01,2026-05-01,Loan Interviewers and Clerks,43-4131.00,0,0.01
2026-05-01,2026-06-01,Microbiologists,19-1022.00,0,0.01
2026-04-01,2026-05-01,"Mobile Heavy Equipment Mechanics, Except Engines",49-3042.00,0,0.01
2026-04-01,2026-05-01,Appraisers of Personal and Business Property,13-2022.00,0,0.01
2026-04-01,2026-05-01,Petroleum Engineers,17-2171.00,0,0.01
2026-04-01,2026-05-01,Music Directors and Composers,27-2041.00,0,0.01
2026-05-01,2026-06-01,"Psychology Teachers, Postsecondary",25-1066.00,0,0.01
2026-05-01,2026-06-01,Psychiatrists,29-1223.00,0,0.01
2026-05-01,2026-06-01,First-Line Supervisors of Correctional Officers,33-1011.00,0,0.01
2026-05-01,2026-06-01,"Economics Teachers, Postsecondary",25-1063.00,0,0.01
2026-05-01,2026-06-01,Surveyors,17-1022.00,0,0.01
2026-05-01,2026-06-01,Traffic Technicians,53-6041.00,0,0.01
2026-05-01,2026-06-01,"First-Line Supervisors of Mechanics, Installers, and Repairers",49-1011.00,0,0.01
2026-05-01,2026-06-01,"Credit Authorizers, Checkers, and Clerks",43-4041.00,0,0.01
2026-05-01,2026-06-01,Art Therapists,29-1129.01,0,0.01
2026-04-01,2026-05-01,Motorboat Mechanics and Service Technicians,49-3051.00,0,0.01
2026-04-01,2026-05-01,Information Security Analysts,15-1212.00,0,0.01
2026-04-01,2026-05-01,Funeral Attendants,39-4021.00,0,0.01
2026-04-01,2026-05-01,Landscape Architects,17-1012.00,0,0.01
2026-04-01,2026-05-01,"First-Line Supervisors of Farming, Fishing, and Forestry Workers",45-1011.00,0,0.01
2026-05-01,2026-06-01,"Property, Real Estate, and Community Association Managers",11-9141.00,0,0.01
2026-05-01,2026-06-01,Police and Sheriff's Patrol Officers,33-3051.00,0,0.01
2026-05-01,2026-06-01,Survey Researchers,19-3022.00,0,0.01
2026-04-01,2026-05-01,School Bus Monitors,33-9094.00,0,0.01
2026-04-01,2026-05-01,Recreational Vehicle Service Technicians,49-3092.00,0,0.01
2026-04-01,2026-05-01,Agricultural Inspectors,45-2011.00,0,0.01
2026-04-01,2026-05-01,"Library Science Teachers, Postsecondary",25-1082.00,0,0.01
2026-04-01,2026-05-01,Pest Control Workers,37-2021.00,0,0.01
2026-04-01,2026-05-01,"Dispatchers, Except Police, Fire, and Ambulance",43-5032.00,0,0.01
2026-05-01,2026-06-01,Solar Photovoltaic Installers,47-2231.00,0,0.01
2026-05-01,2026-06-01,Barbers,39-5011.00,0,0.01
2026-05-01,2026-06-01,Agricultural Inspectors,45-2011.00,0,0.01
2026-05-01,2026-06-01,"Nursing Instructors and Teachers, Postsecondary",25-1072.00,0,0.01
2026-05-01,2026-06-01,Travel Agents,41-3041.00,0,0.01
2026-04-01,2026-05-01,"Career/Technical Education Teachers, Middle School",25-2023.00,0,0.01
2026-04-01,2026-05-01,Procurement Clerks,43-3061.00,0,0.01
2026-05-01,2026-06-01,"Health Specialties Teachers, Postsecondary",25-1071.00,0,0.01
2026-05-01,2026-06-01,Physical Therapist Assistants,31-2021.00,0,0.01
2026-04-01,2026-05-01,Transportation Inspectors,53-6051.00,0,0.01
2026-04-01,2026-05-01,"Criminal Justice and Law Enforcement Teachers, Postsecondary",25-1111.00,0,0.01
2026-04-01,2026-05-01,Retail Loss Prevention Specialists,33-9099.02,0,0.01
2026-04-01,2026-05-01,Health Informatics Specialists,15-1211.01,0,0.01
2026-04-01,2026-05-01,"Teaching Assistants, Special Education",25-9043.00,0,0.01
2026-04-01,2026-05-01,"Architecture Teachers, Postsecondary",25-1031.00,0,0.01
2026-04-01,2026-05-01,Biochemists and Biophysicists,19-1021.00,0,0.0
2026-04-01,2026-05-01,Power Distributors and Dispatchers,51-8012.00,0,0.0
2026-04-01,2026-05-01,Gambling Surveillance Officers and Gambling Investigators,33-9031.00,0,0.0
2026-04-01,2026-05-01,Helpers--Production Workers,51-9198.00,0,0.0
2026-04-01,2026-05-01,Brickmasons and Blockmasons,47-2021.00,0,0.0
2026-04-01,2026-05-01,"Cutters and Trimmers, Hand",51-9031.00,0,0.0
2026-05-01,2026-06-01,"Ushers, Lobby Attendants, and Ticket Takers",39-3031.00,0,0.0
2026-05-01,2026-06-01,Physical Medicine and Rehabilitation Physicians,29-1229.04,0,0.0
2026-05-01,2026-06-01,Printing Press Operators,51-5112.00,0,0.0
2026-05-01,2026-06-01,Orderlies,31-1132.00,0,0.0
2026-05-01,2026-06-01,Transit and Railroad Police,33-3052.00,0,0.0
2026-05-01,2026-06-01,New Accounts Clerks,43-4141.00,0,0.0
2026-05-01,2026-06-01,Industrial Ecologists,19-2041.03,0,0.0
2026-05-01,2026-06-01,Phlebotomists,31-9097.00,0,0.0
2026-05-01,2026-06-01,Athletes and Sports Competitors,27-2021.00,0,0.0
2026-05-01,2026-06-01,"Packers and Packagers, Hand",53-7064.00,0,0.0
2026-05-01,2026-06-01,Calibration Technologists and Technicians,17-3028.00,0,0.0
2026-05-01,2026-06-01,Helpers--Production Workers,51-9198.00,0,0.0
2026-04-01,2026-05-01,Museum Technicians and Conservators,25-4013.00,0,0.0
2026-04-01,2026-05-01,Calibration Technologists and Technicians,17-3028.00,0,0.0
2026-04-01,2026-05-01,Forensic Science Technicians,19-4092.00,0,0.0
2026-04-01,2026-05-01,Occupational Therapists,29-1122.00,0,0.0
2026-04-01,2026-05-01,"Layout Workers, Metal and Plastic",51-4192.00,0,0.0
2026-04-01,2026-05-01,Textile Bleaching and Dyeing Machine Operators and Tenders,51-6061.00,0,0.0
2026-05-01,2026-06-01,Biochemists and Biophysicists,19-1021.00,0,0.0
2026-05-01,2026-06-01,Avionics Technicians,49-2091.00,0,0.0
2026-05-01,2026-06-01,"Layout Workers, Metal and Plastic",51-4192.00,0,0.0
2026-05-01,2026-06-01,Brickmasons and Blockmasons,47-2021.00,0,0.0
2026-05-01,2026-06-01,Tile and Stone Setters,47-2044.00,0,0.0
2026-05-01,2026-06-01,Postal Service Mail Carriers,43-5052.00,0,0.0
2026-05-01,2026-06-01,Security Guards,33-9032.00,0,0.0
2026-04-01,2026-05-01,Security Guards,33-9032.00,0,0.0
2026-04-01,2026-05-01,Choreographers,27-2032.00,0,0.0
2026-04-01,2026-05-01,"Umpires, Referees, and Other Sports Officials",27-2023.00,0,0.0
2026-04-01,2026-05-01,Bill and Account Collectors,43-3011.00,0,0.0
2026-05-01,2026-06-01,Climate Change Policy Analysts,19-2041.01,0,0.0
2026-05-01,2026-06-01,Dishwashers,35-9021.00,0,0.0
2026-05-01,2026-06-01,Museum Technicians and Conservators,25-4013.00,0,0.0
2026-05-01,2026-06-01,Gambling Surveillance Officers and Gambling Investigators,33-9031.00,0,0.0
2026-05-01,2026-06-01,Gambling Change Persons and Booth Cashiers,41-2012.00,0,0.0
2026-05-01,2026-06-01,Manicurists and Pedicurists,39-5092.00,0,0.0
2026-05-01,2026-06-01,Pediatric Surgeons,29-1243.00,0,0.0
2026-04-01,2026-05-01,Preventive Medicine Physicians,29-1229.05,0,0.0
2026-04-01,2026-05-01,Gambling and Sports Book Writers and Runners,39-3012.00,0,0.0
2026-04-01,2026-05-01,Operating Engineers and Other Construction Equipment Operators,47-2073.00,0,0.0
2026-04-01,2026-05-01,Avionics Technicians,49-2091.00,0,0.0
2026-04-01,2026-05-01,Fashion Designers,27-1022.00,0,0.0
2026-04-01,2026-05-01,Chief Sustainability Officers,11-1011.03,0,0.0
2026-04-01,2026-05-01,Shampooers,39-5093.00,0,0.0
2026-04-01,2026-05-01,Occupational Therapy Assistants,31-2011.00,0,0.0
2026-05-01,2026-06-01,Urologists,29-1229.03,0,0.0
2026-05-01,2026-06-01,"Makeup Artists, Theatrical and Performance",39-5091.00,0,0.0
2026-05-01,2026-06-01,Tool and Die Makers,51-4111.00,0,0.0
2026-05-01,2026-06-01,Print Binding and Finishing Workers,51-5113.00,0,0.0
2026-05-01,2026-06-01,Parking Attendants,53-6021.00,0,0.0
2026-04-01,2026-05-01,Automotive and Watercraft Service Attendants,53-6031.00,0,0.0
2026-05-01,2026-06-01,Radiologic Technologists and Technicians,29-2034.00,0,0.0
2026-05-01,2026-06-01,Healthcare Social Workers,21-1022.00,0,0.0
2026-05-01,2026-06-01,Ophthalmic Medical Technologists,29-2099.05,0,0.0
2026-05-01,2026-06-01,Automotive Glass Installers and Repairers,49-3022.00,0,0.0
2026-05-01,2026-06-01,Food Scientists and Technologists,19-1012.00,0,0.0
2026-05-01,2026-06-01,"Molding, Coremaking, and Casting Machine Setters, Operators, and Tenders, Metal and Plastic",51-4072.00,0,0.0
2026-05-01,2026-06-01,"Cooks, Short Order",35-2015.00,0,0.0
2026-05-01,2026-06-01,Labor Relations Specialists,13-1075.00,0,0.0
2026-05-01,2026-06-01,Computer Numerically Controlled Tool Operators,51-9161.00,0,0.0
2026-04-01,2026-05-01,Urologists,29-1229.03,0,0.0
2026-04-01,2026-05-01,Tool and Die Makers,51-4111.00,0,0.0
2026-04-01,2026-05-01,Brokerage Clerks,43-4011.00,0,0.0
2026-04-01,2026-05-01,"Preschool Teachers, Except Special Education",25-2011.00,0,0.0
2026-04-01,2026-05-01,Probation Officers and Correctional Treatment Specialists,21-1092.00,0,0.0
2026-04-01,2026-05-01,"Dentists, General",29-1021.00,0,0.0
2026-04-01,2026-05-01,Medical Records Specialists,29-2072.00,0,0.0
2026-04-01,2026-05-01,"Bus Drivers, Transit and Intercity",53-3052.00,0,0.0
2026-05-01,2026-06-01,"Mining and Geological Engineers, Including Mining Safety Engineers",17-2151.00,0,0.0
2026-05-01,2026-06-01,"Dentists, General",29-1021.00,0,0.0
2026-05-01,2026-06-01,Hospitalists,29-1229.02,0,0.0
2026-05-01,2026-06-01,Gambling Managers,11-9071.00,0,0.0
2026-05-01,2026-06-01,Telephone Operators,43-2021.00,0,0.0
2026-05-01,2026-06-01,Acupuncturists,29-1291.00,0,0.0
2026-05-01,2026-06-01,Massage Therapists,31-9011.00,0,0.0
2026-05-01,2026-06-01,Nannies,39-9011.01,0,0.0
2026-04-01,2026-05-01,"Cooks, Short Order",35-2015.00,0,0.0
2026-04-01,2026-05-01,Healthcare Social Workers,21-1022.00,0,0.0
2026-04-01,2026-05-01,Shuttle Drivers and Chauffeurs,53-3053.00,0,0.0
2026-04-01,2026-05-01,"Coil Winders, Tapers, and Finishers",51-2021.00,0,0.0
2026-04-01,2026-05-01,Optometrists,29-1041.00,0,0.0
2026-04-01,2026-05-01,Magnetic Resonance Imaging Technologists,29-2035.00,0,0.0
2026-05-01,2026-06-01,Taxi Drivers,53-3054.00,0,0.0
2026-05-01,2026-06-01,Health Information Technologists and Medical Registrars,29-9021.00,0,0.0
2026-05-01,2026-06-01,"Electrical and Electronics Installers and Repairers, Transportation Equipment",49-2093.00,0,0.0
2026-05-01,2026-06-01,"Electrical and Electronics Repairers, Commercial and Industrial Equipment",49-2094.00,0,0.0
2026-05-01,2026-06-01,Psychiatric Aides,31-1133.00,0,0.0
2026-04-01,2026-05-01,Electrical Power-Line Installers and Repairers,49-9051.00,0,0.0
2026-04-01,2026-05-01,Pharmacy Aides,31-9095.00,0,0.0
2026-04-01,2026-05-01,Detectives and Criminal Investigators,33-3021.00,0,0.0
2026-04-01,2026-05-01,Medical and Clinical Laboratory Technologists,29-2011.00,0,0.0
2026-04-01,2026-05-01,"Insurance Appraisers, Auto Damage",13-1032.00,0,0.0
2026-04-01,2026-05-01,Electricians,47-2111.00,0,0.0
2026-04-01,2026-05-01,Machine Feeders and Offbearers,53-7063.00,0,0.0
2026-05-01,2026-06-01,Food Science Technicians,19-4013.00,0,0.0
2026-05-01,2026-06-01,Gem and Diamond Workers,51-9071.06,0,0.0
2026-05-01,2026-06-01,First-Line Supervisors of Security Workers,33-1091.00,0,0.0
2026-05-01,2026-06-01,Licensed Practical and Licensed Vocational Nurses,29-2061.00,0,0.0
2026-04-01,2026-05-01,Recycling Coordinators,53-1042.01,0,0.0
2026-04-01,2026-05-01,Podiatrists,29-1081.00,0,0.0
2026-04-01,2026-05-01,Shoe and Leather Workers and Repairers,51-6041.00,0,0.0
2026-04-01,2026-05-01,Court Reporters and Simultaneous Captioners,27-3092.00,0,0.0
2026-04-01,2026-05-01,Health Education Specialists,21-1091.00,0,0.0
2026-04-01,2026-05-01,Team Assemblers,51-2092.00,0,0.0
2026-04-01,2026-05-01,Photographic Process Workers and Processing Machine Operators,51-9151.00,0,0.0
2026-04-01,2026-05-01,Robotics Technicians,17-3024.01,0,0.0
2026-05-01,2026-06-01,"Shipping, Receiving, and Inventory Clerks",43-5071.00,0,0.0
2026-05-01,2026-06-01,Medical and Clinical Laboratory Technicians,29-2012.00,0,0.0
2026-05-01,2026-06-01,Optometrists,29-1041.00,0,0.0
2026-04-01,2026-05-01,"Shipping, Receiving, and Inventory Clerks",43-5071.00,0,0.0
2026-04-01,2026-05-01,Bridge and Lock Tenders,53-6011.00,0,0.0
2026-04-01,2026-05-01,Travel Guides,39-7012.00,0,0.0
2026-04-01,2026-05-01,Equal Opportunity Representatives and Officers,13-1041.03,0,0.0
2026-04-01,2026-05-01,Brownfield Redevelopment Specialists and Site Managers,11-9199.11,0,0.0
2026-05-01,2026-06-01,Chemical Plant and System Operators,51-8091.00,0,0.0
2026-05-01,2026-06-01,"Buyers and Purchasing Agents, Farm Products",13-1021.00,0,0.0
2026-05-01,2026-06-01,Merchandise Displayers and Window Trimmers,27-1026.00,0,0.0
2026-04-01,2026-05-01,First-Line Supervisors of Personal Service Workers,39-1022.00,0,0.0
2026-04-01,2026-05-01,"Geoscientists, Except Hydrologists and Geographers",19-2042.00,0,0.0
2026-04-01,2026-05-01,Insurance Sales Agents,41-3021.00,0,0.0
2026-05-01,2026-06-01,Glaziers,47-2121.00,0,0.0
2026-04-01,2026-05-01,Food Preparation Workers,35-2021.00,0,0.0
2026-04-01,2026-05-01,Occupational Therapy Aides,31-2012.00,0,0.0
2026-04-01,2026-05-01,Transportation Security Screeners,33-9093.00,0,0.0
2026-04-01,2026-05-01,Animal Scientists,19-1011.00,0,0.0
2026-04-01,2026-05-01,Parking Attendants,53-6021.00,0,0.0
2026-04-01,2026-05-01,"Orthopedic Surgeons, Except Pediatric",29-1242.00,0,0.0
2026-05-01,2026-06-01,Manufactured Building and Mobile Home Installers,49-9095.00,0,0.0
2026-05-01,2026-06-01,Emergency Management Directors,11-9161.00,0,0.0
2026-05-01,2026-06-01,Gas Compressor and Gas Pumping Station Operators,53-7071.00,0,0.0
2026-05-01,2026-06-01,Occupational Therapy Aides,31-2012.00,0,0.0
2026-05-01,2026-06-01,Hydrologists,19-2043.00,0,0.0
2026-05-01,2026-06-01,Plasterers and Stucco Masons,47-2161.00,0,0.0
2026-05-01,2026-06-01,Prepress Technicians and Workers,51-5111.00,0,0.0
2026-05-01,2026-06-01,Gambling Cage Workers,43-3041.00,0,0.0
2026-04-01,2026-05-01,"Textile Knitting and Weaving Machine Setters, Operators, and Tenders",51-6063.00,0,0.0
2026-04-01,2026-05-01,Fire-Prevention and Protection Engineers,17-2111.02,0,0.0
2026-04-01,2026-05-01,Fire Inspectors and Investigators,33-2021.00,0,0.0
2026-04-01,2026-05-01,"Meter Readers, Utilities",43-5041.00,0,0.0
2026-04-01,2026-05-01,Medical Equipment Repairers,49-9062.00,0,0.0
2026-05-01,2026-06-01,Medical Records Specialists,29-2072.00,0,0.0
2026-05-01,2026-06-01,"Meter Readers, Utilities",43-5041.00,0,0.0
2026-05-01,2026-06-01,"Textile Knitting and Weaving Machine Setters, Operators, and Tenders",51-6063.00,0,0.0
2026-05-01,2026-06-01,Animal Scientists,19-1011.00,0,0.0
2026-05-01,2026-06-01,Electrical Power-Line Installers and Repairers,49-9051.00,0,0.0
2026-05-01,2026-06-01,Roofers,47-2181.00,0,0.0
2026-04-01,2026-05-01,Gambling Cage Workers,43-3041.00,0,0.0
2026-04-01,2026-05-01,Massage Therapists,31-9011.00,0,0.0
2026-04-01,2026-05-01,Talent Directors,27-2012.04,0,0.0
2026-04-01,2026-05-01,Nannies,39-9011.01,0,0.0
2026-04-01,2026-05-01,Licensed Practical and Licensed Vocational Nurses,29-2061.00,0,0.0
2026-04-01,2026-05-01,Real Estate Brokers,41-9021.00,0,0.0
2026-04-01,2026-05-01,Medical and Clinical Laboratory Technicians,29-2012.00,0,0.0
2026-05-01,2026-06-01,"Coil Winders, Tapers, and Finishers",51-2021.00,0,0.0
2026-05-01,2026-06-01,Travel Guides,39-7012.00,0,0.0
2026-05-01,2026-06-01,Fire-Prevention and Protection Engineers,17-2111.02,0,0.0
2026-05-01,2026-06-01,Fire Inspectors and Investigators,33-2021.00,0,0.0
2026-04-01,2026-05-01,Gambling Managers,11-9071.00,0,0.0
2026-04-01,2026-05-01,First-Line Supervisors of Security Workers,33-1091.00,0,0.0
2026-04-01,2026-05-01,Health Information Technologists and Medical Registrars,29-9021.00,0,0.0
2026-04-01,2026-05-01,Ophthalmic Medical Technologists,29-2099.05,0,0.0
2026-04-01,2026-05-01,Acupuncturists,29-1291.00,0,0.0
2026-04-01,2026-05-01,Labor Relations Specialists,13-1075.00,0,0.0
2026-04-01,2026-05-01,Computer Numerically Controlled Tool Operators,51-9161.00,0,0.0
2026-04-01,2026-05-01,Radiologic Technologists and Technicians,29-2034.00,0,0.0
2026-04-01,2026-05-01,Cytogenetic Technologists,29-2011.01,0,0.0
2026-05-01,2026-06-01,"Laborers and Freight, Stock, and Material Movers, Hand",53-7062.00,0,0.0
2026-05-01,2026-06-01,Transportation Security Screeners,33-9093.00,0,0.0
2026-05-01,2026-06-01,Heavy and Tractor-Trailer Truck Drivers,53-3032.00,0,0.0
2026-05-01,2026-06-01,Detectives and Criminal Investigators,33-3021.00,0,0.0
2026-04-01,2026-05-01,Radiation Therapists,29-1124.00,0,0.0
2026-04-01,2026-05-01,Veterinary Assistants and Laboratory Animal Caretakers,31-9096.00,0,0.0
2026-04-01,2026-05-01,Paperhangers,47-2142.00,0,0.0
2026-04-01,2026-05-01,Energy Auditors,47-4011.01,0,0.0
2026-04-01,2026-05-01,"Mining and Geological Engineers, Including Mining Safety Engineers",17-2151.00,0,0.0
2026-04-01,2026-05-01,Dental Hygienists,29-1292.00,0,0.0
2026-04-01,2026-05-01,Surveyors,17-1022.00,0,0.0
2026-04-01,2026-05-01,Concierges,39-6012.00,0,0.0
2026-04-01,2026-05-01,Neurodiagnostic Technologists,29-2099.01,0,0.0
2026-04-01,2026-05-01,Orderlies,31-1132.00,0,0.0
2026-04-01,2026-05-01,Food Batchmakers,51-3092.00,0,0.0
2026-04-01,2026-05-01,"Secondary School Teachers, Except Special and Career/Technical Education",25-2031.00,0,0.0
2026-04-01,2026-05-01,Merchandise Displayers and Window Trimmers,27-1026.00,0,0.0
2026-04-01,2026-05-01,Hospitalists,29-1229.02,0,0.0
2026-04-01,2026-05-01,Psychiatric Aides,31-1133.00,0,0.0
2026-05-01,2026-06-01,Baristas,35-3023.01,0,0.0
2026-05-01,2026-06-01,Carpet Installers,47-2041.00,0,0.0
2026-05-01,2026-06-01,Forest and Conservation Workers,45-4011.00,0,0.0
2026-05-01,2026-06-01,"Food and Tobacco Roasting, Baking, and Drying Machine Operators and Tenders",51-3091.00,0,0.0
2026-05-01,2026-06-01,Nuclear Medicine Technologists,29-2033.00,0,0.0
2026-05-01,2026-06-01,Nurse Anesthetists,29-1151.00,0,0.0
2026-04-01,2026-05-01,Physical Medicine and Rehabilitation Physicians,29-1229.04,0,0.0
2026-04-01,2026-05-01,Printing Press Operators,51-5112.00,0,0.0
2026-04-01,2026-05-01,"Service Unit Operators, Oil and Gas",47-5013.00,0,0.0
2026-04-01,2026-05-01,Hydrologists,19-2043.00,0,0.0
2026-04-01,2026-05-01,Bus and Truck Mechanics and Diesel Engine Specialists,49-3031.00,0,0.0
2026-04-01,2026-05-01,Construction and Building Inspectors,47-4011.00,0,0.0
2026-05-01,2026-06-01,Fabric and Apparel Patternmakers,51-6092.00,0,0.0
2026-05-01,2026-06-01,Public Safety Telecommunicators,43-5031.00,0,0.0
2026-05-01,2026-06-01,"Hotel, Motel, and Resort Desk Clerks",43-4081.00,0,0.0
2026-05-01,2026-06-01,Subway and Streetcar Operators,53-4041.00,0,0.0
2026-05-01,2026-06-01,Shampooers,39-5093.00,0,0.0
2026-05-01,2026-06-01,Pharmacy Aides,31-9095.00,0,0.0
2026-05-01,2026-06-01,Medical Equipment Repairers,49-9062.00,0,0.0
2026-05-01,2026-06-01,Automotive and Watercraft Service Attendants,53-6031.00,0,0.0
2026-05-01,2026-06-01,Energy Auditors,47-4011.01,0,0.0
2026-05-01,2026-06-01,Landscaping and Groundskeeping Workers,37-3011.00,0,0.0
2026-05-01,2026-06-01,"Farmworkers, Farm, Ranch, and Aquacultural Animals",45-2093.00,0,0.0
2026-04-01,2026-05-01,Carpet Installers,47-2041.00,0,0.0
2026-04-01,2026-05-01,"Laborers and Freight, Stock, and Material Movers, Hand",53-7062.00,0,0.0
2026-05-01,2026-06-01,"Heating, Air Conditioning, and Refrigeration Mechanics and Installers",49-9021.00,0,0.0
2026-05-01,2026-06-01,Occupational Therapists,29-1122.00,0,0.0
2026-04-01,2026-05-01,"Crushing, Grinding, and Polishing Machine Setters, Operators, and Tenders",51-9021.00,0,0.0
2026-04-01,2026-05-01,"Ushers, Lobby Attendants, and Ticket Takers",39-3031.00,0,0.0
2026-05-01,2026-06-01,Driver/Sales Workers,53-3031.00,0,0.0
2026-05-01,2026-06-01,"Multiple Machine Tool Setters, Operators, and Tenders, Metal and Plastic",51-4081.00,0,0.0
2026-04-01,2026-05-01,Athletes and Sports Competitors,27-2021.00,0,0.0
2026-04-01,2026-05-01,"Packers and Packagers, Hand",53-7064.00,0,0.0
2026-05-01,2026-06-01,Metal-Refining Furnace Operators and Tenders,51-4051.00,0,0.0
2026-05-01,2026-06-01,Forensic Science Technicians,19-4092.00,0,0.0
2026-05-01,2026-06-01,Couriers and Messengers,43-5021.00,0,0.0
2026-05-01,2026-06-01,Chief Sustainability Officers,11-1011.03,0,0.0
2026-05-01,2026-06-01,Radio Frequency Identification Device Specialists,17-2072.01,0,0.0
2026-05-01,2026-06-01,"Plating Machine Setters, Operators, and Tenders, Metal and Plastic",51-4193.00,0,0.0
2026-04-01,2026-05-01,"Coating, Painting, and Spraying Machine Setters, Operators, and Tenders",51-9124.00,0,0.0
2026-04-01,2026-05-01,"Low Vision Therapists, Orientation and Mobility Specialists, and Vision Rehabilitation Therapists",29-1122.01,0,0.0
2026-04-01,2026-05-01,"Food and Tobacco Roasting, Baking, and Drying Machine Operators and Tenders",51-3091.00,0,0.0
2026-04-01,2026-05-01,Nuclear Medicine Technologists,29-2033.00,0,0.0
2026-04-01,2026-05-01,Chemical Plant and System Operators,51-8091.00,0,0.0
2026-04-01,2026-05-01,Prepress Technicians and Workers,51-5111.00,0,0.0
2026-04-01,2026-05-01,Nurse Anesthetists,29-1151.00,0,0.0
2026-05-01,2026-06-01,Operating Engineers and Other Construction Equipment Operators,47-2073.00,0,0.0
2026-05-01,2026-06-01,"Cutters and Trimmers, Hand",51-9031.00,0,0.0
2026-05-01,2026-06-01,Aircraft Mechanics and Service Technicians,49-3011.00,0,0.0
2026-05-01,2026-06-01,"Textile Cutting Machine Setters, Operators, and Tenders",51-6062.00,0,0.0
2026-05-01,2026-06-01,Bridge and Lock Tenders,53-6011.00,0,0.0
2026-05-01,2026-06-01,Probation Officers and Correctional Treatment Specialists,21-1092.00,0,0.0
2026-05-01,2026-06-01,Magnetic Resonance Imaging Technologists,29-2035.00,0,0.0
2026-05-01,2026-06-01,Brokerage Clerks,43-4011.00,0,0.0
2026-04-01,2026-05-01,Subway and Streetcar Operators,53-4041.00,0,0.0
2026-04-01,2026-05-01,"Electrical and Electronics Repairers, Commercial and Industrial Equipment",49-2094.00,0,0.0
2026-04-01,2026-05-01,Heavy and Tractor-Trailer Truck Drivers,53-3032.00,0,0.0
2026-04-01,2026-05-01,First-Line Supervisors of Firefighting and Prevention Workers,33-1021.00,0,0.0
2026-04-01,2026-05-01,Conservation Scientists,19-1031.00,0,0.0
2026-05-01,2026-06-01,Precision Agriculture Technicians,19-4012.01,0,0.0
2026-05-01,2026-06-01,Fashion Designers,27-1022.00,0,0.0
2026-05-01,2026-06-01,Nanotechnology Engineering Technologists and Technicians,17-3026.01,0,0.0
2026-05-01,2026-06-01,"Environmental Science and Protection Technicians, Including Health",19-4042.00,0,0.0
2026-05-01,2026-06-01,Coroners,13-1041.06,0,0.0
2026-05-01,2026-06-01,Food Cooking Machine Operators and Tenders,51-3093.00,0,0.0
2026-04-01,2026-05-01,Couriers and Messengers,43-5021.00,0,0.0
2026-04-01,2026-05-01,Forest Fire Inspectors and Prevention Specialists,33-2022.00,0,0.0
2026-05-01,2026-06-01,Environmental Compliance Inspectors,13-1041.01,0,0.0
2026-05-01,2026-06-01,Private Detectives and Investigators,33-9021.00,0,0.0
2026-05-01,2026-06-01,Occupational Therapy Assistants,31-2011.00,0,0.0
2026-05-01,2026-06-01,Choreographers,27-2032.00,0,0.0
2026-05-01,2026-06-01,Forest Fire Inspectors and Prevention Specialists,33-2022.00,0,0.0
2026-04-01,2026-05-01,Dermatologists,29-1213.00,0,0.0
2026-05-01,2026-06-01,"Coin, Vending, and Amusement Machine Servicers and Repairers",49-9091.00,0,0.0
2026-05-01,2026-06-01,"Cooks, Fast Food",35-2011.00,0,0.0
2026-05-01,2026-06-01,Photographic Process Workers and Processing Machine Operators,51-9151.00,0,0.0
2026-04-01,2026-05-01,"Environmental Science and Protection Technicians, Including Health",19-4042.00,0,0.0
2026-04-01,2026-05-01,Forest and Conservation Workers,45-4011.00,0,0.0
2026-04-01,2026-05-01,Taxi Drivers,53-3054.00,0,0.0
2026-04-01,2026-05-01,Telephone Operators,43-2021.00,0,0.0
2026-04-01,2026-05-01,Public Safety Telecommunicators,43-5031.00,0,0.0
2026-04-01,2026-05-01,Soil and Plant Scientists,19-1013.00,0,0.0
2026-04-01,2026-05-01,"Buyers and Purchasing Agents, Farm Products",13-1021.00,0,0.0
2026-05-01,2026-06-01,Electricians,47-2111.00,0,0.0
2026-05-01,2026-06-01,"Office Machine Operators, Except Computer",43-9071.00,0,0.0
2026-05-01,2026-06-01,"Bus Drivers, Transit and Intercity",53-3052.00,0,0.0
2026-05-01,2026-06-01,Shuttle Drivers and Chauffeurs,53-3053.00,0,0.0
2026-05-01,2026-06-01,"Orthopedic Surgeons, Except Pediatric",29-1242.00,0,0.0
2026-05-01,2026-06-01,"Food Servers, Nonrestaurant",35-3041.00,0,0.0
2026-04-01,2026-05-01,Manufactured Building and Mobile Home Installers,49-9095.00,0,0.0
2026-04-01,2026-05-01,Air Traffic Controllers,53-2021.00,0,0.0
2026-04-01,2026-05-01,Gas Compressor and Gas Pumping Station Operators,53-7071.00,0,0.0
2026-05-01,2026-06-01,Refuse and Recyclable Material Collectors,53-7081.00,0,0.0
2026-05-01,2026-06-01,Animal Trainers,39-2011.00,0,0.0
2026-05-01,2026-06-01,Respiratory Therapists,29-1126.00,0,0.0
2026-05-01,2026-06-01,First-Line Supervisors of Personal Service Workers,39-1022.00,0,0.0
2026-05-01,2026-06-01,"Low Vision Therapists, Orientation and Mobility Specialists, and Vision Rehabilitation Therapists",29-1122.01,0,0.0
2026-05-01,2026-06-01,Amusement and Recreation Attendants,39-3091.00,0,0.0
2026-05-01,2026-06-01,Machine Feeders and Offbearers,53-7063.00,0,0.0
2026-05-01,2026-06-01,Health Education Specialists,21-1091.00,0,0.0
2026-05-01,2026-06-01,Environmental Restoration Planners,19-2041.02,0,0.0
2026-05-01,2026-06-01,Medical and Clinical Laboratory Technologists,29-2011.00,0,0.0
2026-04-01,2026-05-01,"Plumbers, Pipefitters, and Steamfitters",47-2152.00,0,0.0
2026-04-01,2026-05-01,Metal-Refining Furnace Operators and Tenders,51-4051.00,0,0.0
2026-04-01,2026-05-01,Chemical Engineers,17-2041.00,0,0.0
2026-04-01,2026-05-01,Food Science Technicians,19-4013.00,0,0.0
2026-04-01,2026-05-01,Radio Frequency Identification Device Specialists,17-2072.01,0,0.0
2026-05-01,2026-06-01,Neurodiagnostic Technologists,29-2099.01,0,0.0
2026-05-01,2026-06-01,Non-Destructive Testing Specialists,17-3029.01,0,0.0
2026-05-01,2026-06-01,Fuel Cell Engineers,17-2141.01,0,0.0
2026-05-01,2026-06-01,"Coating, Painting, and Spraying Machine Setters, Operators, and Tenders",51-9124.00,0,0.0
2026-05-01,2026-06-01,Media Technical Directors/Managers,27-2012.05,0,0.0
2026-05-01,2026-06-01,"Ophthalmologists, Except Pediatric",29-1241.00,0,0.0
2026-04-01,2026-05-01,"Electric Motor, Power Tool, and Related Repairers",49-2092.00,0,0.0
2026-04-01,2026-05-01,"Electronic Equipment Installers and Repairers, Motor Vehicles",49-2096.00,0,0.0
2026-04-01,2026-05-01,Fuel Cell Engineers,17-2141.01,0,0.0
2026-04-01,2026-05-01,Amusement and Recreation Attendants,39-3091.00,0,0.0
2026-04-01,2026-05-01,Pediatric Surgeons,29-1243.00,0,0.0
2026-04-01,2026-05-01,Environmental Restoration Planners,19-2041.02,0,0.0
2026-04-01,2026-05-01,"Office Machine Operators, Except Computer",43-9071.00,0,0.0
2026-04-01,2026-05-01,Aviation Inspectors,53-6051.01,0,0.0
2026-04-01,2026-05-01,Non-Destructive Testing Specialists,17-3029.01,0,0.0
2026-04-01,2026-05-01,"Ophthalmologists, Except Pediatric",29-1241.00,0,0.0
2026-04-01,2026-05-01,Jewelers and Precious Stone and Metal Workers,51-9071.00,0,0.0
2026-05-01,2026-06-01,Audiologists,29-1181.00,0,0.0
2026-05-01,2026-06-01,Mechanical Door Repairers,49-9011.00,0,0.0
2026-04-01,2026-05-01,Nanotechnology Engineering Technologists and Technicians,17-3026.01,0,0.0
2026-04-01,2026-05-01,Climate Change Policy Analysts,19-2041.01,0,0.0
2026-04-01,2026-05-01,Coroners,13-1041.06,0,0.0
2026-05-01,2026-06-01,"Tailors, Dressmakers, and Custom Sewers",51-6052.00,0,0.0
2026-05-01,2026-06-01,Preventive Medicine Physicians,29-1229.05,0,0.0
2026-05-01,2026-06-01,Aviation Inspectors,53-6051.01,0,0.0
2026-05-01,2026-06-01,Chemical Engineers,17-2041.00,0,0.0
2026-05-01,2026-06-01,Wind Energy Engineers,17-2199.10,0,0.0
2026-04-01,2026-05-01,Chemical Equipment Operators and Tenders,51-9011.00,0,0.0
2026-04-01,2026-05-01,Cargo and Freight Agents,43-5011.00,0,0.0
2026-04-01,2026-05-01,"Coin, Vending, and Amusement Machine Servicers and Repairers",49-9091.00,0,0.0
2026-04-01,2026-05-01,"Electrical and Electronics Installers and Repairers, Transportation Equipment",49-2093.00,0,0.0
2026-04-01,2026-05-01,"Patternmakers, Metal and Plastic",51-4062.00,0,0.0
2026-05-01,2026-06-01,Power Distributors and Dispatchers,51-8012.00,0,0.0
2026-05-01,2026-06-01,"Plumbers, Pipefitters, and Steamfitters",47-2152.00,0,0.0
2026-04-01,2026-05-01,Manicurists and Pedicurists,39-5092.00,0,0.0
2026-05-01,2026-06-01,Home Appliance Repairers,49-9031.00,0,0.0
2026-05-01,2026-06-01,Camera and Photographic Equipment Repairers,49-9061.00,0,0.0
2026-05-01,2026-06-01,Insurance Underwriters,13-2053.00,0,0.0
2026-05-01,2026-06-01,"Electronic Equipment Installers and Repairers, Motor Vehicles",49-2096.00,0,0.0
2026-05-01,2026-06-01,Veterinary Assistants and Laboratory Animal Caretakers,31-9096.00,0,0.0
2026-05-01,2026-06-01,Bus and Truck Mechanics and Diesel Engine Specialists,49-3031.00,0,0.0
2026-05-01,2026-06-01,"Service Unit Operators, Oil and Gas",47-5013.00,0,0.0
2026-05-01,2026-06-01,Upholsterers,51-6093.00,0,0.0
2026-05-01,2026-06-01,Cargo and Freight Agents,43-5011.00,0,0.0
2026-04-01,2026-05-01,Emergency Management Directors,11-9161.00,0,0.0
2026-04-01,2026-05-01,"Plating Machine Setters, Operators, and Tenders, Metal and Plastic",51-4193.00,0,0.0
2026-04-01,2026-05-01,Postal Service Mail Carriers,43-5052.00,0,0.0
2026-04-01,2026-05-01,Private Detectives and Investigators,33-9021.00,0,0.0
2026-04-01,2026-05-01,Mechanical Door Repairers,49-9011.00,0,0.0
2026-04-01,2026-05-01,Glaziers,47-2121.00,0,0.0
2026-04-01,2026-05-01,Driver/Sales Workers,53-3031.00,0,0.0
2026-05-01,2026-06-01,"Umpires, Referees, and Other Sports Officials",27-2023.00,0,0.0
2026-04-01,2026-05-01,Cardiovascular Technologists and Technicians,29-2031.00,0,0.0
2026-04-01,2026-05-01,Precision Agriculture Technicians,19-4012.01,0,0.0
2026-04-01,2026-05-01,"Multiple Machine Tool Setters, Operators, and Tenders, Metal and Plastic",51-4081.00,0,0.0
2026-04-01,2026-05-01,Environmental Compliance Inspectors,13-1041.01,0,0.0
2026-04-01,2026-05-01,"Tailors, Dressmakers, and Custom Sewers",51-6052.00,0,0.0
2026-04-01,2026-05-01,Weatherization Installers and Technicians,47-4099.03,0,0.0
2026-04-01,2026-05-01,Wind Energy Engineers,17-2199.10,0,0.0
2026-04-01,2026-05-01,"Heating, Air Conditioning, and Refrigeration Mechanics and Installers",49-9021.00,0,0.0
2026-04-01,2026-05-01,"Hotel, Motel, and Resort Desk Clerks",43-4081.00,0,0.0
2026-04-01,2026-05-01,Home Appliance Repairers,49-9031.00,0,0.0
2026-05-01,2026-06-01,"Geoscientists, Except Hydrologists and Geographers",19-2042.00,0,0.0
2026-05-01,2026-06-01,Models,41-9012.00,0,0.0
2026-05-01,2026-06-01,Podiatrists,29-1081.00,0,0.0
2026-05-01,2026-06-01,Recycling Coordinators,53-1042.01,0,0.0
2026-05-01,2026-06-01,"Crushing, Grinding, and Polishing Machine Setters, Operators, and Tenders",51-9021.00,0,0.0
2026-05-01,2026-06-01,Chemical Equipment Operators and Tenders,51-9011.00,0,0.0
2026-05-01,2026-06-01,Radiation Therapists,29-1124.00,0,0.0
2026-05-01,2026-06-01,Food Preparation Workers,35-2021.00,0,0.0
2026-05-01,2026-06-01,Cardiovascular Technologists and Technicians,29-2031.00,0,0.0
2026-04-01,2026-05-01,Recreational Therapists,29-1125.00,0,0.0
2026-04-01,2026-05-01,Industrial Ecologists,19-2041.03,0,0.0
2026-04-01,2026-05-01,Phlebotomists,31-9097.00,0,0.0
2026-05-01,2026-06-01,Food Batchmakers,51-3092.00,0,0.0
2026-05-01,2026-06-01,Range Managers,19-1031.02,0,0.0
2026-05-01,2026-06-01,Jewelers and Precious Stone and Metal Workers,51-9071.00,0,0.0
2026-05-01,2026-06-01,Insurance Sales Agents,41-3021.00,0,0.0
2026-04-01,2026-05-01,Adapted Physical Education Specialists,25-2059.01,0,0.0
2026-05-01,2026-06-01,Talent Directors,27-2012.04,0,0.0
2026-05-01,2026-06-01,Paperhangers,47-2142.00,0,0.0
2026-05-01,2026-06-01,Equal Opportunity Representatives and Officers,13-1041.03,0,0.0
2026-05-01,2026-06-01,Brownfield Redevelopment Specialists and Site Managers,11-9199.11,0,0.0
2026-05-01,2026-06-01,Diagnostic Medical Sonographers,29-2032.00,0,0.0
2026-05-01,2026-06-01,Real Estate Brokers,41-9021.00,0,0.0
2026-05-01,2026-06-01,Cytogenetic Technologists,29-2011.01,0,0.0
2026-05-01,2026-06-01,Shoe and Leather Workers and Repairers,51-6041.00,0,0.0
2026-04-01,2026-05-01,Landscaping and Groundskeeping Workers,37-3011.00,0,0.0
2026-04-01,2026-05-01,"Cooks, Fast Food",35-2011.00,0,0.0
2026-04-01,2026-05-01,"Textile Cutting Machine Setters, Operators, and Tenders",51-6062.00,0,0.0
2026-04-01,2026-05-01,Animal Trainers,39-2011.00,0,0.0
2026-04-01,2026-05-01,Respiratory Therapists,29-1126.00,0,0.0
2026-04-01,2026-05-01,Baristas,35-3023.01,0,0.0
2026-04-01,2026-05-01,Flight Attendants,53-2031.00,0,0.0
2026-05-01,2026-06-01,"Secondary School Teachers, Except Special and Career/Technical Education",25-2031.00,0,0.0
2026-05-01,2026-06-01,"Electric Motor, Power Tool, and Related Repairers",49-2092.00,0,0.0
2026-05-01,2026-06-01,Dermatologists,29-1213.00,0,0.0
2026-05-01,2026-06-01,Bill and Account Collectors,43-3011.00,0,0.0
2026-05-01,2026-06-01,Conservation Scientists,19-1031.00,0,0.0
2026-05-01,2026-06-01,"Insurance Appraisers, Auto Damage",13-1032.00,0,0.0
2026-05-01,2026-06-01,Team Assemblers,51-2092.00,0,0.0
2026-05-01,2026-06-01,Textile Bleaching and Dyeing Machine Operators and Tenders,51-6061.00,0,0.0
2026-04-01,2026-05-01,Tile and Stone Setters,47-2044.00,0,0.0
2026-04-01,2026-05-01,Food Cooking Machine Operators and Tenders,51-3093.00,0,0.0
2026-04-01,2026-05-01,Insurance Underwriters,13-2053.00,0,0.0
2026-04-01,2026-05-01,Camera and Photographic Equipment Repairers,49-9061.00,0,0.0
2026-05-01,2026-06-01,"Patternmakers, Metal and Plastic",51-4062.00,0,0.0
2026-05-01,2026-06-01,Construction and Building Inspectors,47-4011.00,0,0.0
2026-05-01,2026-06-01,Robotics Technicians,17-3024.01,0,0.0
2026-05-01,2026-06-01,Court Reporters and Simultaneous Captioners,27-3092.00,0,0.0
